VelControlTask  ,31.182,L,106.814, 0.000,R,-106.814, 0.000
VelControlTask  ,31.183,L,106.814, 0.000,R,-106.814, 0.000
VelControlTask  ,31.184,L,106.814, 0.000,R,-106.814, 0.000
VelControlTask  ,31.185,L,106.814, 0.000,R,-106.814, 0.000
VelControlTask  ,31.186,L,106.814, 0.000,R,-106.814, 0.000
VelControlTask  ,31.187,L,106.814, 0.000,R,-106.814, 0.000
VelControlTask  ,31.188,L,106.814, 0.000,R,-106.814, 0.000
VelControlTask  ,31.189,L,106.814, 6.392,R,-106.814,-8.948
VelControlTask  ,31.190,L,106.814,20.453,R,-106.814,-19.175
VelControlTask  ,31.191,L,106.814,29.401,R,-106.814,-28.123
VelControlTask  ,31.192,L,106.814,43.463,R,-106.814,-40.906
VelControlTask  ,31.193,L,106.814,57.524,R,-106.814,-48.576
VelControlTask  ,31.194,L,106.814,76.699,R,-106.814,-52.411
VelControlTask  ,31.195,L,106.814,88.204,R,-106.814,-70.307
VelControlTask  ,31.196,L,106.814,85.647,R,-106.814,-89.482
VelControlTask  ,31.197,L,106.814,88.204,R,-106.814,-95.874
VelControlTask  ,31.198,L,106.814,107.379,R,-106.814,-108.657
VelControlTask  ,31.199,L,106.814,118.883,R,-106.814,-127.832
VelControlTask  ,31.200,L,106.814,132.945,R,-106.814,-130.388
VelControlTask  ,31.201,L,106.814,144.450,R,-106.814,-145.728
VelControlTask  ,31.202,L,106.814,141.893,R,-106.814,-154.676
VelControlTask  ,31.203,L,106.814,159.790,R,-106.814,-158.511
VelControlTask  ,31.204,L,106.814,163.625,R,-106.814,-171.295
VelControlTask  ,31.205,L,106.814,182.799,R,-106.814,-182.799
VelControlTask  ,31.206,L,106.814,173.851,R,-106.814,-182.799
VelControlTask  ,31.207,L,106.814,185.356,R,-106.814,-185.356
VelControlTask  ,31.208,L,106.814,187.913,R,-106.814,-186.634
VelControlTask  ,31.209,L,106.814,190.469,R,-106.814,-193.026
VelControlTask  ,31.210,L,106.814,190.469,R,-106.814,-178.964
VelControlTask  ,31.211,L,106.814,181.521,R,-106.814,-176.408
VelControlTask  ,31.212,L,106.814,191.748,R,-106.814,-175.129
VelControlTask  ,31.213,L,106.814,167.460,R,-106.814,-172.573
VelControlTask  ,31.214,L,106.814,175.129,R,-106.814,-163.625
VelControlTask  ,31.215,L,106.814,166.181,R,-106.814,-157.233
VelControlTask  ,31.216,L,106.814,166.181,R,-106.814,-154.676
VelControlTask  ,31.217,L,106.814,149.563,R,-106.814,-150.841
VelControlTask  ,31.218,L,106.814,154.676,R,-106.814,-135.502
VelControlTask  ,31.219,L,106.814,144.450,R,-106.814,-138.058
VelControlTask  ,31.220,L,106.814,144.450,R,-106.814,-125.275
VelControlTask  ,31.221,L,106.814,130.388,R,-106.814,-132.945
VelControlTask  ,31.222,L,106.814,132.945,R,-106.814,-135.502
VelControlTask  ,31.223,L,106.814,131.667,R,-106.814,-121.440
VelControlTask  ,31.224,L,106.814,125.275,R,-106.814,-123.997
VelControlTask  ,31.225,L,106.814,130.388,R,-106.814,-116.327
VelControlTask  ,31.226,L,106.814,115.049,R,-106.814,-115.049
VelControlTask  ,31.227,L,106.814,109.935,R,-106.814,-112.492
VelControlTask  ,31.228,L,106.814,112.492,R,-106.814,-100.987
VelControlTask  ,31.229,L,106.814,104.822,R,-106.814,-94.595
VelControlTask  ,31.230,L,106.814,102.265,R,-106.814,-95.874
VelControlTask  ,31.231,L,106.814,104.822,R,-106.814,-86.926
VelControlTask  ,31.232,L,106.814,93.317,R,-106.814,-83.091
VelControlTask  ,31.233,L,106.814,84.369,R,-106.814,-83.091
VelControlTask  ,31.234,L,106.814,85.647,R,-106.814,-83.091
VelControlTask  ,31.235,L,106.814,84.369,R,-106.814,-74.142
VelControlTask  ,31.236,L,106.814,76.699,R,-106.814,-69.029
VelControlTask  ,31.237,L,106.814,75.421,R,-106.814,-65.194
VelControlTask  ,31.238,L,106.814,76.699,R,-106.814,-66.473
VelControlTask  ,31.239,L,106.814,74.142,R,-106.814,-62.638
VelControlTask  ,31.240,L,106.814,67.751,R,-106.814,-58.803
VelControlTask  ,31.241,L,106.814,60.081,R,-106.814,-54.968
VelControlTask  ,31.242,L,106.814,56.246,R,-106.814,-53.689
VelControlTask  ,31.243,L,106.814,57.524,R,-106.814,-53.689
VelControlTask  ,31.244,L,106.814,56.246,R,-106.814,-53.689
VelControlTask  ,31.245,L,106.814,54.968,R,-106.814,-49.854
VelControlTask  ,31.246,L,106.814,52.411,R,-106.814,-49.854
VelControlTask  ,31.247,L,106.814,49.854,R,-106.814,-47.298
VelControlTask  ,31.248,L,106.814,47.298,R,-106.814,-52.411
VelControlTask  ,31.249,L,106.814,48.576,R,-106.814,-58.803
VelControlTask  ,31.250,L,106.814,49.854,R,-106.814,-66.473
VelControlTask  ,31.251,L,106.814,49.854,R,-106.814,-71.586
VelControlTask  ,31.252,L,106.814,51.133,R,-106.814,-77.977
VelControlTask  ,31.253,L,106.814,52.411,R,-106.814,-86.926
VelControlTask  ,31.254,L,106.814,54.968,R,-106.814,-103.544
VelControlTask  ,31.255,L,106.814,62.638,R,-106.814,-108.657
VelControlTask  ,31.256,L,106.814,74.142,R,-106.814,-111.214
VelControlTask  ,31.257,L,106.814,83.091,R,-106.814,-109.935
VelControlTask  ,31.258,L,106.814,86.926,R,-106.814,-115.049
VelControlTask  ,31.259,L,106.814,98.430,R,-106.814,-118.883
VelControlTask  ,31.260,L,106.814,102.265,R,-106.814,-132.945
VelControlTask  ,31.261,L,106.814,95.874,R,-106.814,-125.275
VelControlTask  ,31.262,L,106.814,104.822,R,-106.814,-135.502
VelControlTask  ,31.263,L,106.814,121.440,R,-106.814,-139.337
VelControlTask  ,31.264,L,106.814,126.553,R,-106.814,-147.006
VelControlTask  ,31.265,L,106.814,134.223,R,-106.814,-153.398
VelControlTask  ,31.266,L,106.814,141.893,R,-106.814,-145.728
VelControlTask  ,31.267,L,106.814,131.667,R,-106.814,-152.120
VelControlTask  ,31.268,L,106.814,145.728,R,-106.814,-144.450
VelControlTask  ,31.269,L,106.814,144.450,R,-106.814,-153.398
VelControlTask  ,31.270,L,106.814,157.233,R,-106.814,-144.450
VelControlTask  ,31.271,L,106.814,149.563,R,-106.814,-141.893
VelControlTask  ,31.272,L,106.814,149.563,R,-106.814,-136.780
VelControlTask  ,31.273,L,106.814,154.676,R,-106.814,-131.667
VelControlTask  ,31.274,L,106.814,154.676,R,-106.814,-138.058
VelControlTask  ,31.275,L,106.814,153.398,R,-106.814,-122.718
VelControlTask  ,31.276,L,106.814,140.615,R,-106.814,-123.997
VelControlTask  ,31.277,L,106.814,143.172,R,-106.814,-117.605
VelControlTask  ,31.278,L,106.814,131.667,R,-106.814,-111.214
VelControlTask  ,31.279,L,106.814,140.615,R,-106.814,-115.049
VelControlTask  ,31.280,L,106.814,129.110,R,-106.814,-107.379
VelControlTask  ,31.281,L,106.814,122.718,R,-106.814,-97.152
VelControlTask  ,31.282,L,106.814,125.275,R,-106.814,-98.430
VelControlTask  ,31.283,L,106.814,112.492,R,-106.814,-98.430
VelControlTask  ,31.284,L,106.814,120.162,R,-106.814,-98.430
VelControlTask  ,31.285,L,106.814,121.440,R,-106.814,-106.100
VelControlTask  ,31.286,L,106.814,107.379,R,-106.814,-102.265
VelControlTask  ,31.287,L,106.814,107.379,R,-106.814,-94.595
VelControlTask  ,31.288,L,106.814,103.544,R,-106.814,-94.595
VelControlTask  ,31.289,L,106.814,98.430,R,-106.814,-95.874
VelControlTask  ,31.290,L,106.814,103.544,R,-106.814,-90.761
VelControlTask  ,31.291,L,106.814,102.265,R,-106.814,-83.091
VelControlTask  ,31.292,L,106.814,92.039,R,-106.814,-83.091
VelControlTask  ,31.293,L,106.814,89.482,R,-106.814,-81.812
VelControlTask  ,31.294,L,106.814,92.039,R,-106.814,-75.421
VelControlTask  ,31.298,L,106.814,84.369,R,-106.814,-72.864
VelControlTask  ,31.305,L,106.814,71.586,R,-106.814,-104.822
VelControlTask  ,31.312,L,106.814,103.544,R,-106.814,-118.883
VelControlTask  ,31.319,L,106.814,120.162,R,-106.814,-127.832
VelControlTask  ,31.326,L,106.814,123.997,R,-106.814,-107.379
VelControlTask  ,31.333,L,106.814,115.049,R,-106.814,-92.039
VelControlTask  ,31.340,L,106.814,92.039,R,-106.814,-102.265
VelControlTask  ,31.347,L,106.814,93.317,R,-106.814,-108.657
VelControlTask  ,31.354,L,106.814,106.100,R,-106.814,-108.657
VelControlTask  ,31.361,L,106.814,120.162,R,-106.814,-106.100
VelControlTask  ,31.368,L,106.814,106.100,R,-106.814,-117.605
VelControlTask  ,31.375,L,106.814,103.544,R,-106.814,-103.544
VelControlTask  ,31.382,L,106.814,108.657,R,-106.814,-99.709
VelControlTask  ,31.389,L,106.814,107.379,R,-106.814,-111.214
VelControlTask  ,31.396,L,106.814,102.265,R,-106.814,-103.544
VelControlTask  ,31.403,L,106.814,107.379,R,-106.814,-100.987
VelControlTask  ,31.410,L,106.814,115.049,R,-106.814,-108.657
VelControlTask  ,31.417,L,106.814,98.430,R,-106.814,-116.327
VelControlTask  ,31.424,L,106.814,93.317,R,-106.814,-103.544
VelControlTask  ,31.431,L,106.814,108.657,R,-106.814,-102.265
VelControlTask  ,31.438,L,106.814,112.492,R,-106.814,-106.100
VelControlTask  ,31.445,L,106.814,103.544,R,-106.814,-107.379
VelControlTask  ,31.452,L,106.814,104.822,R,-106.814,-104.822
VelControlTask  ,31.459,L,106.814,113.770,R,-106.814,-111.214
VelControlTask  ,31.466,L,106.814,107.379,R,-106.814,-113.770
VelControlTask  ,31.473,L,106.814,100.987,R,-106.814,-100.987
VelControlTask  ,31.480,L,106.814,108.657,R,-106.814,-100.987
VelControlTask  ,31.487,L,106.814,99.709,R,-106.814,-115.049
VelControlTask  ,31.494,L,106.814,102.265,R,-106.814,-104.822
VelControlTask  ,31.501,L,106.814,107.379,R,-106.814,-98.430
VelControlTask  ,31.508,L,106.814,121.440,R,-106.814,-108.657
VelControlTask  ,31.515,L,106.814,104.822,R,-106.814,-111.214
VelControlTask  ,31.522,L,106.814,95.874,R,-106.814,-106.100
VelControlTask  ,31.529,L,106.814,100.987,R,-106.814,-100.987
VelControlTask  ,31.536,L,106.814,107.379,R,-106.814,-104.822
VelControlTask  ,31.543,L,106.814,109.935,R,-106.814,-111.214
VelControlTask  ,31.550,L,106.814,115.049,R,-106.814,-107.379
VelControlTask  ,31.557,L,106.814,111.214,R,-106.814,-106.100
VelControlTask  ,31.564,L,106.814,99.709,R,-106.814,-112.492
VelControlTask  ,31.571,L,106.814,95.874,R,-106.814,-106.100
VelControlTask  ,31.578,L,106.814,104.822,R,-106.814,-100.987
VelControlTask  ,31.585,L,106.814,112.492,R,-106.814,-120.162
VelControlTask  ,31.592,L,106.814,102.265,R,-106.814,-100.987
VelControlTask  ,31.599,L,106.814,108.657,R,-106.814,-97.152
VelControlTask  ,31.606,L,106.814,117.605,R,-106.814,-106.100
VelControlTask  ,31.613,L,106.814,99.709,R,-106.814,-116.327
VelControlTask  ,31.620,L,106.814,93.317,R,-106.814,-106.100
VelControlTask  ,31.627,L,106.814,106.100,R,-106.814,-103.544
VelControlTask  ,31.634,L,106.814,112.492,R,-106.814,-107.379
VelControlTask  ,31.641,L,106.814,102.265,R,-106.814,-107.379
VelControlTask  ,31.648,L,106.814,108.657,R,-106.814,-102.265
VelControlTask  ,31.655,L,106.814,113.770,R,-106.814,-104.822
VelControlTask  ,31.662,L,106.814,104.822,R,-106.814,-115.049
VelControlTask  ,31.669,L,106.814,99.709,R,-106.814,-107.379
VelControlTask  ,31.676,L,106.814,106.100,R,-106.814,-106.100
VelControlTask  ,31.683,L,106.814,108.657,R,-106.814,-117.605
VelControlTask  ,31.690,L,106.814,103.544,R,-106.814,-98.430
VelControlTask  ,31.697,L,106.814,99.709,R,-106.814,-94.595
VelControlTask  ,31.704,L,106.814,115.049,R,-106.814,-103.544
VelControlTask  ,31.711,L,106.814,106.100,R,-106.814,-113.770
VelControlTask  ,31.718,L,106.814,100.987,R,-106.814,-108.657
VelControlTask  ,31.725,L,106.814,109.935,R,-106.814,-106.100
VelControlTask  ,31.732,L,106.814,103.544,R,-106.814,-104.822
VelControlTask  ,31.739,L,106.814,106.100,R,-106.814,-106.100
VelControlTask  ,31.746,L,106.814,107.379,R,-106.814,-100.987
VelControlTask  ,31.753,L,106.814,116.327,R,-106.814,-103.544
VelControlTask  ,31.760,L,106.814,104.822,R,-106.814,-120.162
VelControlTask  ,31.767,L,106.814,97.152,R,-106.814,-106.100
VelControlTask  ,31.774,L,106.814,103.544,R,-106.814,-100.987
VelControlTask  ,31.781,L,106.814,109.935,R,-106.814,-116.327
VelControlTask  ,31.788,L,106.814,104.822,R,-106.814,-103.544
VelControlTask  ,31.795,L,106.814,104.822,R,-106.814,-95.874
VelControlTask  ,31.802,L,106.814,115.049,R,-106.814,-103.544
VelControlTask  ,31.809,L,106.814,102.265,R,-106.814,-116.327
VelControlTask  ,31.816,L,106.814,97.152,R,-106.814,-108.657
VelControlTask  ,31.823,L,106.814,108.657,R,-106.814,-107.379
VelControlTask  ,31.830,L,106.814,107.379,R,-106.814,-106.100
VelControlTask  ,31.837,L,106.814,103.544,R,-106.814,-103.544
VelControlTask  ,31.844,L,106.814,108.657,R,-106.814,-99.709
VelControlTask  ,31.851,L,106.814,115.049,R,-106.814,-104.822
VelControlTask  ,31.858,L,106.814,104.822,R,-106.814,-113.770
VelControlTask  ,31.865,L,106.814,98.430,R,-106.814,-111.214
VelControlTask  ,31.872,L,106.814,103.544,R,-106.814,-104.822
VelControlTask  ,31.879,L,106.814,109.935,R,-106.814,-113.770
VelControlTask  ,31.886,L,106.814,103.544,R,-106.814,-99.709
VelControlTask  ,31.893,L,106.814,103.544,R,-106.814,-97.152
VelControlTask  ,31.900,L,106.814,115.049,R,-106.814,-108.657
VelControlTask  ,31.907,L,106.814,107.379,R,-106.814,-115.049
VelControlTask  ,31.914,L,106.814,99.709,R,-106.814,-107.379
VelControlTask  ,31.921,L,106.814,106.100,R,-106.814,-102.265
VelControlTask  ,31.928,L,106.814,106.100,R,-106.814,-102.265
VelControlTask  ,31.935,L,106.814,107.379,R,-106.814,-109.935
VelControlTask  ,31.942,L,106.814,107.379,R,-106.814,-106.100
VelControlTask  ,31.949,L,106.814,113.770,R,-106.814,-106.100
VelControlTask  ,31.956,L,106.814,107.379,R,-106.814,-113.770
VelControlTask  ,31.963,L,106.814,97.152,R,-106.814,-104.822
VelControlTask  ,31.970,L,106.814,104.822,R,-106.814,-100.987
VelControlTask  ,31.977,L,106.814,112.492,R,-106.814,-117.605
VelControlTask  ,31.984,L,106.814,103.544,R,-106.814,-104.822
VelControlTask  ,31.991,L,106.814,102.265,R,-106.814,-99.709
VelControlTask  ,31.998,L,106.814,116.327,R,-106.814,-107.379
VelControlTask  ,32.005,L,106.814,104.822,R,-106.814,-116.327
VelControlTask  ,32.012,L,106.814,98.430,R,-106.814,-104.822
VelControlTask  ,32.019,L,106.814,108.657,R,-106.814,-103.544
VelControlTask  ,32.026,L,106.814,108.657,R,-106.814,-103.544
VelControlTask  ,32.033,L,106.814,102.265,R,-106.814,-108.657
VelControlTask  ,32.040,L,106.814,107.379,R,-106.814,-104.822
VelControlTask  ,32.047,L,106.814,115.049,R,-106.814,-108.657
VelControlTask  ,32.054,L,106.814,106.100,R,-106.814,-117.605
VelControlTask  ,32.061,L,106.814,98.430,R,-106.814,-104.822
VelControlTask  ,32.068,L,106.814,104.822,R,-106.814,-97.152
VelControlTask  ,32.075,L,106.814,109.935,R,-106.814,-109.935
VelControlTask  ,32.082,L,106.814,100.987,R,-106.814,-104.822
VelControlTask  ,32.089,L,106.814,104.822,R,-106.814,-103.544
VelControlTask  ,32.096,L,106.814,117.605,R,-106.814,-108.657
VelControlTask  ,32.103,L,106.814,107.379,R,-106.814,-109.935
VelControlTask  ,32.110,L,106.814,95.874,R,-106.814,-106.100
VelControlTask  ,32.117,L,106.814,103.544,R,-106.814,-100.987
VelControlTask  ,32.124,L,106.814,107.379,R,-106.814,-104.822
VelControlTask  ,32.131,L,106.814,108.657,R,-106.814,-109.935
VelControlTask  ,32.138,L,106.814,106.100,R,-106.814,-106.100
VelControlTask  ,32.145,L,106.814,112.492,R,-106.814,-104.822
VelControlTask  ,32.152,L,106.814,107.379,R,-106.814,-112.492
VelControlTask  ,32.159,L,106.814,99.709,R,-106.814,-108.657
VelControlTask  ,32.166,L,106.814,104.822,R,-106.814,-98.430
VelControlTask  ,32.173,L,106.814,108.657,R,-106.814,-112.492
VelControlTask  ,32.180,L,106.814,102.265,R,-106.814,-107.379
VelControlTask  ,32.187,L,106.814,104.822,R,-106.814,-99.709
VelControlTask  ,32.194,L,106.814,122.718,R,-106.814,-106.100
VelControlTask  ,32.201,L,106.814,100.987,R,-106.814,-116.327
VelControlTask  ,32.208,L,106.814,93.317,R,-106.814,-103.544
VelControlTask  ,32.215,L,106.814,103.544,R,-106.814,-102.265
VelControlTask  ,32.222,L,106.814,109.935,R,-106.814,-108.657
VelControlTask  ,32.229,L,106.814,106.100,R,-106.814,-108.657
VelControlTask  ,32.236,L,106.814,104.822,R,-106.814,-103.544
VelControlTask  ,32.243,L,106.814,111.214,R,-106.814,-104.822
VelControlTask  ,32.250,L,106.814,107.379,R,-106.814,-111.214
VelControlTask  ,32.257,L,106.814,100.987,R,-106.814,-109.935
VelControlTask  ,32.264,L,106.814,104.822,R,-106.814,-103.544
VelControlTask  ,32.271,L,106.814,106.100,R,-106.814,-115.049
VelControlTask  ,32.278,L,106.814,103.544,R,-106.814,-100.987
VelControlTask  ,32.285,L,106.814,107.379,R,-106.814,-98.430
VelControlTask  ,32.292,L,106.814,117.605,R,-106.814,-103.544
VelControlTask  ,32.299,L,106.814,104.822,R,-106.814,-113.770
VelControlTask  ,32.306,L,106.814,94.595,R,-106.814,-107.379
VelControlTask  ,32.313,L,106.814,102.265,R,-106.814,-103.544
VelControlTask  ,32.320,L,106.814,109.935,R,-106.814,-104.822
VelControlTask  ,32.327,L,106.814,106.100,R,-106.814,-108.657
VelControlTask  ,32.334,L,106.814,108.657,R,-106.814,-104.822
VelControlTask  ,32.341,L,106.814,112.492,R,-106.814,-99.709
VelControlTask  ,32.348,L,106.814,107.379,R,-106.814,-115.049
VelControlTask  ,32.355,L,106.814,95.874,R,-106.814,-109.935
VelControlTask  ,32.362,L,106.814,100.987,R,-106.814,-103.544
VelControlTask  ,32.369,L,106.814,109.935,R,-106.814,-117.605
VelControlTask  ,32.376,L,106.814,104.822,R,-106.814,-103.544
VelControlTask  ,32.383,L,106.814,104.822,R,-106.814,-99.709
VelControlTask  ,32.390,L,106.814,120.162,R,-106.814,-104.822
VelControlTask  ,32.397,L,106.814,103.544,R,-106.814,-116.327
VelControlTask  ,32.404,L,106.814,92.039,R,-106.814,-106.100
VelControlTask  ,32.411,L,106.814,102.265,R,-106.814,-102.265
VelControlTask  ,32.418,L,106.814,111.214,R,-106.814,-107.379
VelControlTask  ,32.425,L,106.814,108.657,R,-106.814,-109.935
VelControlTask  ,32.432,L,106.814,111.214,R,-106.814,-100.987
VelControlTask  ,32.439,L,106.814,113.770,R,-106.814,-100.987
VelControlTask  ,32.446,L,106.814,103.544,R,-106.814,-113.770
VelControlTask  ,32.453,L,106.814,98.430,R,-106.814,-112.492
VelControlTask  ,32.460,L,106.814,104.822,R,-106.814,-107.379
VelControlTask  ,32.467,L,106.814,112.492,R,-106.814,-115.049
VelControlTask  ,32.474,L,106.814,106.100,R,-106.814,-99.709
VelControlTask  ,32.481,L,106.814,98.430,R,-106.814,-95.874
VelControlTask  ,32.488,L,106.814,111.214,R,-106.814,-103.544
VelControlTask  ,32.495,L,106.814,115.049,R,-106.814,-115.049
VelControlTask  ,32.502,L,106.814,99.709,R,-106.814,-111.214
VelControlTask  ,32.509,L,106.814,106.100,R,-106.814,-103.544
VelControlTask  ,32.516,L,106.814,104.822,R,-106.814,-100.987
VelControlTask  ,32.523,L,106.814,108.657,R,-106.814,-106.100
VelControlTask  ,32.530,L,106.814,108.657,R,-106.814,-103.544
VelControlTask  ,32.537,L,106.814,112.492,R,-106.814,-102.265
VelControlTask  ,32.544,L,106.814,106.100,R,-106.814,-118.883
VelControlTask  ,32.551,L,106.814,100.987,R,-106.814,-108.657
VelControlTask  ,32.558,L,106.814,106.100,R,-106.814,-102.265
VelControlTask  ,32.565,L,106.814,112.492,R,-106.814,-115.049
VelControlTask  ,32.572,L,106.814,99.709,R,-106.814,-103.544
VelControlTask  ,32.579,L,106.814,100.987,R,-106.814,-100.987
VelControlTask  ,32.586,L,106.814,117.605,R,-106.814,-104.822
VelControlTask  ,32.593,L,106.814,106.100,R,-106.814,-116.327
VelControlTask  ,32.600,L,106.814,97.152,R,-106.814,-109.935
VelControlTask  ,32.607,L,106.814,103.544,R,-106.814,-103.544
VelControlTask  ,32.614,L,106.814,106.100,R,-106.814,-106.100
VelControlTask  ,32.621,L,106.814,106.100,R,-106.814,-109.935
VelControlTask  ,32.628,L,106.814,106.100,R,-106.814,-100.987
VelControlTask  ,32.635,L,106.814,115.049,R,-106.814,-102.265
VelControlTask  ,32.642,L,106.814,107.379,R,-106.814,-116.327
VelControlTask  ,32.649,L,106.814,97.152,R,-106.814,-109.935
VelControlTask  ,32.656,L,106.814,100.987,R,-106.814,-100.987
VelControlTask  ,32.663,L,106.814,109.935,R,-106.814,-111.214
VelControlTask  ,32.670,L,106.814,104.822,R,-106.814,-104.822
VelControlTask  ,32.677,L,106.814,103.544,R,-106.814,-100.987
VelControlTask  ,32.684,L,106.814,113.770,R,-106.814,-104.822
VelControlTask  ,32.691,L,106.814,109.935,R,-106.814,-112.492
VelControlTask  ,32.698,L,106.814,99.709,R,-106.814,-107.379
VelControlTask  ,32.705,L,106.814,102.265,R,-106.814,-104.822
VelControlTask  ,32.712,L,106.814,103.544,R,-106.814,-103.544
VelControlTask  ,32.719,L,106.814,108.657,R,-106.814,-108.657
VelControlTask  ,32.726,L,106.814,107.379,R,-106.814,-104.822
VelControlTask  ,32.733,L,106.814,115.049,R,-106.814,-99.709
VelControlTask  ,32.740,L,106.814,109.935,R,-106.814,-115.049
VelControlTask  ,32.747,L,106.814,98.430,R,-106.814,-109.935
VelControlTask  ,32.754,L,106.814,99.709,R,-106.814,-103.544
VelControlTask  ,32.761,L,106.814,107.379,R,-106.814,-113.770
VelControlTask  ,32.768,L,106.814,108.657,R,-106.814,-104.822
VelControlTask  ,32.775,L,106.814,102.265,R,-106.814,-98.430
VelControlTask  ,32.782,L,106.814,113.770,R,-106.814,-100.987
VelControlTask  ,32.789,L,106.814,108.657,R,-106.814,-116.327
VelControlTask  ,32.796,L,106.814,98.430,R,-106.814,-109.935
VelControlTask  ,32.803,L,106.814,107.379,R,-106.814,-103.544
VelControlTask  ,32.810,L,106.814,108.657,R,-106.814,-106.100
VelControlTask  ,32.817,L,106.814,102.265,R,-106.814,-107.379
VelControlTask  ,32.824,L,106.814,102.265,R,-106.814,-103.544
VelControlTask  ,32.831,L,106.814,115.049,R,-106.814,-100.987
VelControlTask  ,32.838,L,106.814,111.214,R,-106.814,-113.770
VelControlTask  ,32.845,L,106.814,99.709,R,-106.814,-112.492
VelControlTask  ,32.852,L,106.814,97.152,R,-106.814,-100.987
VelControlTask  ,32.859,L,106.814,107.379,R,-106.814,-109.935
VelControlTask  ,32.866,L,106.814,109.935,R,-106.814,-102.265
VelControlTask  ,32.873,L,106.814,107.379,R,-106.814,-104.822
VelControlTask  ,32.880,L,106.814,116.327,R,-106.814,-106.100
VelControlTask  ,32.887,L,106.814,106.100,R,-106.814,-112.492
VelControlTask  ,32.894,L,106.814,95.874,R,-106.814,-107.379
VelControlTask  ,32.901,L,106.814,100.987,R,-106.814,-102.265
VelControlTask  ,32.908,L,106.814,104.822,R,-106.814,-102.265
VelControlTask  ,32.915,L,106.814,108.657,R,-106.814,-108.657
VelControlTask  ,32.922,L,106.814,107.379,R,-106.814,-107.379
VelControlTask  ,32.929,L,106.814,115.049,R,-106.814,-102.265
VelControlTask  ,32.936,L,106.814,108.657,R,-106.814,-112.492
VelControlTask  ,32.943,L,106.814,97.152,R,-106.814,-107.379
VelControlTask  ,32.950,L,106.814,99.709,R,-106.814,-103.544
VelControlTask  ,32.957,L,106.814,111.214,R,-106.814,-115.049
VelControlTask  ,32.964,L,106.814,103.544,R,-106.814,-109.935
VelControlTask  ,32.971,L,106.814,99.709,R,-106.814,-97.152
VelControlTask  ,32.978,L,106.814,115.049,R,-106.814,-99.709
VelControlTask  ,32.985,L,106.814,111.214,R,-106.814,-113.770
VelControlTask  ,32.992,L,106.814,97.152,R,-106.814,-112.492
VelControlTask  ,32.999,L,106.814,100.987,R,-106.814,-104.822
VelControlTask  ,33.006,L,106.814,106.100,R,-106.814,-106.100
VelControlTask  ,33.013,L,106.814,106.100,R,-106.814,-107.379
VelControlTask  ,33.020,L,106.814,108.657,R,-106.814,-100.987
VelControlTask  ,33.027,L,106.814,117.605,R,-106.814,-100.987
VelControlTask  ,33.034,L,106.814,107.379,R,-106.814,-113.770
VelControlTask  ,33.041,L,106.814,95.874,R,-106.814,-112.492
VelControlTask  ,33.048,L,106.814,98.430,R,-106.814,-107.379
VelControlTask  ,33.055,L,106.814,109.935,R,-106.814,-115.049
VelControlTask  ,33.062,L,106.814,104.822,R,-106.814,-100.987
VelControlTask  ,33.069,L,106.814,100.987,R,-106.814,-99.709
VelControlTask  ,33.076,L,106.814,112.492,R,-106.814,-102.265
VelControlTask  ,33.083,L,106.814,111.214,R,-106.814,-115.049
VelControlTask  ,33.090,L,106.814,97.152,R,-106.814,-111.214
VelControlTask  ,33.097,L,106.814,100.987,R,-106.814,-104.822
VelControlTask  ,33.104,L,106.814,103.544,R,-106.814,-100.987
VelControlTask  ,33.111,L,106.814,108.657,R,-106.814,-107.379
VelControlTask  ,33.118,L,106.814,107.379,R,-106.814,-108.657
VelControlTask  ,33.125,L,106.814,116.327,R,-106.814,-99.709
VelControlTask  ,33.132,L,106.814,108.657,R,-106.814,-111.214
VelControlTask  ,33.139,L,106.814,95.874,R,-106.814,-109.935
VelControlTask  ,33.146,L,106.814,97.152,R,-106.814,-106.100
VelControlTask  ,33.153,L,106.814,108.657,R,-106.814,-115.049
VelControlTask  ,33.160,L,106.814,107.379,R,-106.814,-106.100
VelControlTask  ,33.167,L,106.814,104.822,R,-106.814,-99.709
VelControlTask  ,33.174,L,106.814,118.883,R,-106.814,-102.265
VelControlTask  ,33.181,L,106.814,106.100,R,-106.814,-115.049
VelControlTask  ,33.188,L,-106.814,72.864,R,106.814,-81.812
VelControlTask  ,33.195,L,-106.814,-53.689,R,106.814,39.628
VelControlTask  ,33.202,L,-106.814,-208.366,R,106.814,200.696
VelControlTask  ,33.209,L,-106.814,-241.602,R,106.814,241.602
VelControlTask  ,33.216,L,-106.814,-201.974,R,106.814,193.026
VelControlTask  ,33.223,L,-106.814,-148.285,R,106.814,144.450
VelControlTask  ,33.230,L,-106.814,-60.081,R,106.814,63.916
VelControlTask  ,33.237,L,-106.814,-17.896,R,106.814,21.731
VelControlTask  ,33.244,L,-106.814,-7.670,R,106.814, 6.392
VelControlTask  ,33.251,L,-106.814,-51.133,R,106.814,48.576
VelControlTask  ,33.258,L,-106.814,-126.553,R,106.814,116.327
VelControlTask  ,33.265,L,-106.814,-176.408,R,106.814,177.686
VelControlTask  ,33.272,L,-106.814,-158.511,R,106.814,171.295
VelControlTask  ,33.279,L,-106.814,-125.275,R,106.814,139.337
VelControlTask  ,33.286,L,-106.814,-112.492,R,106.814,108.657
VelControlTask  ,33.293,L,-106.814,-88.204,R,106.814,84.369
VelControlTask  ,33.300,L,-106.814,-74.142,R,106.814,61.359
VelControlTask  ,33.307,L,-106.814,-56.246,R,106.814,51.133
VelControlTask  ,33.314,L,-106.814,-86.926,R,106.814,84.369
VelControlTask  ,33.321,L,-106.814,-108.657,R,106.814,123.997
VelControlTask  ,33.328,L,-106.814,-139.337,R,106.814,140.615
VelControlTask  ,33.335,L,-106.814,-130.388,R,106.814,127.832
VelControlTask  ,33.342,L,-106.814,-112.492,R,106.814,111.214
VelControlTask  ,33.349,L,-106.814,-99.709,R,106.814,94.595
VelControlTask  ,33.356,L,-106.814,-92.039,R,106.814,86.926
VelControlTask  ,33.363,L,-106.814,-80.534,R,106.814,81.812
VelControlTask  ,33.370,L,-106.814,-85.647,R,106.814,104.822
VelControlTask  ,33.377,L,-106.814,-107.379,R,106.814,122.718
VelControlTask  ,33.384,L,-106.814,-129.110,R,106.814,113.770
VelControlTask  ,33.391,L,-106.814,-118.883,R,106.814,108.657
VelControlTask  ,33.398,L,-106.814,-111.214,R,106.814,103.544
VelControlTask  ,33.405,L,-106.814,-99.709,R,106.814,92.039
VelControlTask  ,33.412,L,-106.814,-100.987,R,106.814,98.430
VelControlTask  ,33.419,L,-106.814,-95.874,R,106.814,111.214
VelControlTask  ,33.426,L,-106.814,-107.379,R,106.814,112.492
VelControlTask  ,33.433,L,-106.814,-112.492,R,106.814,102.265
VelControlTask  ,33.440,L,-106.814,-104.822,R,106.814,107.379
VelControlTask  ,33.447,L,-106.814,-111.214,R,106.814,106.100
VelControlTask  ,33.454,L,-106.814,-112.492,R,106.814,109.935
VelControlTask  ,33.461,L,-106.814,-97.152,R,106.814,102.265
VelControlTask  ,33.468,L,-106.814,-100.987,R,106.814,108.657
VelControlTask  ,33.475,L,-106.814,-109.935,R,106.814,109.935
VelControlTask  ,33.482,L,-106.814,-111.214,R,106.814,102.265
VelControlTask  ,33.489,L,-106.814,-99.709,R,106.814,103.544
VelControlTask  ,33.496,L,-106.814,-108.657,R,106.814,112.492
VelControlTask  ,33.503,L,-106.814,-107.379,R,106.814,104.822
VelControlTask  ,33.510,L,-106.814,-107.379,R,106.814,104.822
VelControlTask  ,33.517,L,-106.814,-106.100,R,106.814,108.657
VelControlTask  ,33.524,L,-106.814,-112.492,R,106.814,107.379
VelControlTask  ,33.531,L,-106.814,-107.379,R,106.814,100.987
VelControlTask  ,33.538,L,-106.814,-107.379,R,106.814,103.544
VelControlTask  ,33.545,L,-106.814,-104.822,R,106.814,109.935
VelControlTask  ,33.552,L,-106.814,-111.214,R,106.814,106.100
VelControlTask  ,33.559,L,-106.814,-100.987,R,106.814,102.265
VelControlTask  ,33.566,L,-106.814,-106.100,R,106.814,109.935
VelControlTask  ,33.573,L,-106.814,-112.492,R,106.814,115.049
VelControlTask  ,33.580,L,-106.814,-112.492,R,106.814,104.822
VelControlTask  ,33.587,L,-106.814,-104.822,R,106.814,104.822
VelControlTask  ,33.594,L,-106.814,-111.214,R,106.814,108.657
VelControlTask  ,33.601,L,-106.814,-106.100,R,106.814,98.430
VelControlTask  ,33.608,L,-106.814,-103.544,R,106.814,100.987
VelControlTask  ,33.615,L,-106.814,-100.987,R,106.814,113.770
VelControlTask  ,33.622,L,-106.814,-111.214,R,106.814,111.214
VelControlTask  ,33.629,L,-106.814,-109.935,R,106.814,100.987
VelControlTask  ,33.636,L,-106.814,-102.265,R,106.814,102.265
VelControlTask  ,33.643,L,-106.814,-108.657,R,106.814,106.100
VelControlTask  ,33.650,L,-106.814,-109.935,R,106.814,111.214
VelControlTask  ,33.657,L,-106.814,-98.430,R,106.814,102.265
VelControlTask  ,33.664,L,-106.814,-99.709,R,106.814,109.935
VelControlTask  ,33.671,L,-106.814,-113.770,R,106.814,108.657
VelControlTask  ,33.678,L,-106.814,-109.935,R,106.814,100.987
VelControlTask  ,33.685,L,-106.814,-102.265,R,106.814,102.265
VelControlTask  ,33.692,L,-106.814,-106.100,R,106.814,112.492
VelControlTask  ,33.699,L,-106.814,-107.379,R,106.814,108.657
VelControlTask  ,33.706,L,-106.814,-103.544,R,106.814,103.544
VelControlTask  ,33.713,L,-106.814,-107.379,R,106.814,111.214
VelControlTask  ,33.720,L,-106.814,-113.770,R,106.814,107.379
VelControlTask  ,33.727,L,-106.814,-107.379,R,106.814,100.987
VelControlTask  ,33.734,L,-106.814,-103.544,R,106.814,103.544
VelControlTask  ,33.741,L,-106.814,-103.544,R,106.814,109.935
VelControlTask  ,33.748,L,-106.814,-109.935,R,106.814,107.379
VelControlTask  ,33.755,L,-106.814,-99.709,R,106.814,102.265
VelControlTask  ,33.762,L,-106.814,-103.544,R,106.814,107.379
VelControlTask  ,33.769,L,-106.814,-116.327,R,106.814,116.327
VelControlTask  ,33.776,L,-106.814,-107.379,R,106.814,102.265
VelControlTask  ,33.783,L,-106.814,-102.265,R,106.814,104.822
VelControlTask  ,33.790,L,-106.814,-107.379,R,106.814,107.379
VelControlTask  ,33.797,L,-106.814,-108.657,R,106.814,102.265
VelControlTask  ,33.804,L,-106.814,-103.544,R,106.814,99.709
VelControlTask  ,33.811,L,-106.814,-100.987,R,106.814,112.492
VelControlTask  ,33.818,L,-106.814,-109.935,R,106.814,113.770
VelControlTask  ,33.825,L,-106.814,-111.214,R,106.814,102.265
VelControlTask  ,33.832,L,-106.814,-103.544,R,106.814,102.265
VelControlTask  ,33.839,L,-106.814,-109.935,R,106.814,107.379
VelControlTask  ,33.846,L,-106.814,-106.100,R,106.814,104.822
VelControlTask  ,33.853,L,-106.814,-98.430,R,106.814,103.544
VelControlTask  ,33.860,L,-106.814,-98.430,R,106.814,111.214
VelControlTask  ,33.867,L,-106.814,-117.605,R,106.814,111.214
VelControlTask  ,33.874,L,-106.814,-112.492,R,106.814,98.430
VelControlTask  ,33.881,L,-106.814,-98.430,R,106.814,102.265
VelControlTask  ,33.888,L,-106.814,-104.822,R,106.814,113.770
VelControlTask  ,33.895,L,-106.814,-107.379,R,106.814,108.657
VelControlTask  ,33.902,L,-106.814,-104.822,R,106.814,100.987
VelControlTask  ,33.909,L,-106.814,-108.657,R,106.814,109.935
VelControlTask  ,33.916,L,-106.814,-115.049,R,106.814,107.379
VelControlTask  ,33.923,L,-106.814,-106.100,R,106.814,102.265
VelControlTask  ,33.930,L,-106.814,-100.987,R,106.814,107.379
VelControlTask  ,33.937,L,-106.814,-106.100,R,106.814,104.822
VelControlTask  ,33.944,L,-106.814,-111.214,R,106.814,106.100
VelControlTask  ,33.951,L,-106.814,-99.709,R,106.814,98.430
VelControlTask  ,33.958,L,-106.814,-104.822,R,106.814,107.379
VelControlTask  ,33.965,L,-106.814,-109.935,R,106.814,120.162
VelControlTask  ,33.972,L,-106.814,-108.657,R,106.814,104.822
VelControlTask  ,33.979,L,-106.814,-108.657,R,106.814,104.822
VelControlTask  ,33.986,L,-106.814,-109.935,R,106.814,104.822
VelControlTask  ,33.993,L,-106.814,-109.935,R,106.814,100.987
VelControlTask  ,34.000,L,-106.814,-100.987,R,106.814,103.544
VelControlTask  ,34.007,L,-106.814,-102.265,R,106.814,115.049
VelControlTask  ,34.014,L,-106.814,-108.657,R,106.814,109.935
VelControlTask  ,34.021,L,-106.814,-111.214,R,106.814,100.987
VelControlTask  ,34.028,L,-106.814,-103.544,R,106.814,102.265
VelControlTask  ,34.035,L,-106.814,-109.935,R,106.814,109.935
VelControlTask  ,34.042,L,-106.814,-106.100,R,106.814,111.214
VelControlTask  ,34.049,L,-106.814,-100.987,R,106.814,100.987
VelControlTask  ,34.056,L,-106.814,-99.709,R,106.814,104.822
VelControlTask  ,34.063,L,-106.814,-116.327,R,106.814,112.492
VelControlTask  ,34.070,L,-106.814,-109.935,R,106.814,103.544
VelControlTask  ,34.077,L,-106.814,-99.709,R,106.814,106.100
VelControlTask  ,34.084,L,-106.814,-103.544,R,106.814,109.935
VelControlTask  ,34.091,L,-106.814,-106.100,R,106.814,104.822
VelControlTask  ,34.098,L,-106.814,-106.100,R,106.814,98.430
VelControlTask  ,34.105,L,-106.814,-107.379,R,106.814,108.657
VelControlTask  ,34.112,L,-106.814,-115.049,R,106.814,112.492
VelControlTask  ,34.119,L,-106.814,-106.100,R,106.814,103.544
VelControlTask  ,34.126,L,-106.814,-100.987,R,106.814,104.822
VelControlTask  ,34.133,L,-106.814,-107.379,R,106.814,108.657
VelControlTask  ,34.140,L,-106.814,-112.492,R,106.814,108.657
VelControlTask  ,34.147,L,-106.814,-100.987,R,106.814,99.709
VelControlTask  ,34.154,L,-106.814,-98.430,R,106.814,100.987
VelControlTask  ,34.161,L,-106.814,-112.492,R,106.814,117.605
VelControlTask  ,34.168,L,-106.814,-113.770,R,106.814,108.657
VelControlTask  ,34.175,L,-106.814,-107.379,R,106.814,109.935
VelControlTask  ,34.182,L,-106.814,-106.100,R,106.814,108.657
VelControlTask  ,34.189,L,-106.814,-107.379,R,106.814,97.152
VelControlTask  ,34.196,L,-106.814,-103.544,R,106.814,98.430
VelControlTask  ,34.203,L,-106.814,-103.544,R,106.814,108.657
VelControlTask  ,34.210,L,-106.814,-109.935,R,106.814,117.605
VelControlTask  ,34.217,L,-106.814,-107.379,R,106.814,108.657
VelControlTask  ,34.224,L,-106.814,-100.987,R,106.814,102.265
VelControlTask  ,34.231,L,-106.814,-108.657,R,106.814,104.822
VelControlTask  ,34.238,L,-106.814,-116.327,R,106.814,108.657
VelControlTask  ,34.245,L,-106.814,-99.709,R,106.814,99.709
VelControlTask  ,34.252,L,-106.814,-97.152,R,106.814,104.822
VelControlTask  ,34.259,L,-106.814,-111.214,R,106.814,115.049
VelControlTask  ,34.266,L,-106.814,-109.935,R,106.814,102.265
VelControlTask  ,34.273,L,-106.814,-103.544,R,106.814,104.822
VelControlTask  ,34.280,L,-106.814,-106.100,R,106.814,111.214
VelControlTask  ,34.287,L,-106.814,-109.935,R,106.814,106.100
VelControlTask  ,34.294,L,-106.814,-106.100,R,106.814,103.544
VelControlTask  ,34.301,L,-106.814,-108.657,R,106.814,107.379
VelControlTask  ,34.308,L,-106.814,-108.657,R,106.814,109.935
VelControlTask  ,34.315,L,-106.814,-106.100,R,106.814,102.265
VelControlTask  ,34.322,L,-106.814,-103.544,R,106.814,103.544
VelControlTask  ,34.329,L,-106.814,-107.379,R,106.814,112.492
VelControlTask  ,34.336,L,-106.814,-115.049,R,106.814,106.100
VelControlTask  ,34.343,L,-106.814,-99.709,R,106.814,100.987
VelControlTask  ,34.350,L,-106.814,-98.430,R,106.814,102.265
VelControlTask  ,34.357,L,-106.814,-109.935,R,106.814,116.327
VelControlTask  ,34.364,L,-106.814,-115.049,R,106.814,107.379
VelControlTask  ,34.371,L,-106.814,-107.379,R,106.814,106.100
VelControlTask  ,34.378,L,-106.814,-106.100,R,106.814,108.657
VelControlTask  ,34.385,L,-106.814,-107.379,R,106.814,100.987
VelControlTask  ,34.392,L,-106.814,-102.265,R,106.814,95.874
VelControlTask  ,34.399,L,-106.814,-103.544,R,106.814,107.379
VelControlTask  ,34.406,L,-106.814,-109.935,R,106.814,115.049
VelControlTask  ,34.413,L,-106.814,-107.379,R,106.814,107.379
VelControlTask  ,34.420,L,-106.814,-102.265,R,106.814,104.822
VelControlTask  ,34.427,L,-106.814,-106.100,R,106.814,103.544
VelControlTask  ,34.434,L,-106.814,-116.327,R,106.814,107.379
VelControlTask  ,34.441,L,-106.814,-102.265,R,106.814,98.430
VelControlTask  ,34.448,L,-106.814,-95.874,R,106.814,103.544
VelControlTask  ,34.455,L,-106.814,-109.935,R,106.814,116.327
VelControlTask  ,34.462,L,-106.814,-111.214,R,106.814,100.987
VelControlTask  ,34.469,L,-106.814,-102.265,R,106.814,103.544
VelControlTask  ,34.476,L,-106.814,-104.822,R,106.814,108.657
VelControlTask  ,34.483,L,-106.814,-111.214,R,106.814,107.379
VelControlTask  ,34.490,L,-106.814,-107.379,R,106.814,102.265
VelControlTask  ,34.497,L,-106.814,-108.657,R,106.814,108.657
VelControlTask  ,34.504,L,-106.814,-107.379,R,106.814,111.214
VelControlTask  ,34.511,L,-106.814,-111.214,R,106.814,100.987
VelControlTask  ,34.518,L,-106.814,-103.544,R,106.814,100.987
VelControlTask  ,34.525,L,-106.814,-106.100,R,106.814,111.214
VelControlTask  ,34.532,L,-106.814,-112.492,R,106.814,108.657
VelControlTask  ,34.539,L,-106.814,-99.709,R,106.814,100.987
VelControlTask  ,34.546,L,-106.814,-98.430,R,106.814,106.100
VelControlTask  ,34.553,L,-106.814,-112.492,R,106.814,115.049
VelControlTask  ,34.560,L,-106.814,-112.492,R,106.814,107.379
VelControlTask  ,34.567,L,-106.814,-106.100,R,106.814,100.987
VelControlTask  ,34.574,L,-106.814,-106.100,R,106.814,109.935
VelControlTask  ,34.581,L,-106.814,-107.379,R,106.814,107.379
VelControlTask  ,34.588,L,-106.814,-103.544,R,106.814,102.265
VelControlTask  ,34.595,L,-106.814,-103.544,R,106.814,107.379
VelControlTask  ,34.602,L,-106.814,-107.379,R,106.814,112.492
VelControlTask  ,34.609,L,-106.814,-109.935,R,106.814,109.935
VelControlTask  ,34.616,L,-106.814,-100.987,R,106.814,103.544
VelControlTask  ,34.623,L,-106.814,-107.379,R,106.814,104.822
VelControlTask  ,34.630,L,-106.814,-115.049,R,106.814,111.214
VelControlTask  ,34.637,L,-106.814,-102.265,R,106.814,103.544
VelControlTask  ,34.644,L,-106.814,-95.874,R,106.814,106.100
VelControlTask  ,34.651,L,-106.814,-109.935,R,106.814,111.214
VelControlTask  ,34.658,L,-106.814,-112.492,R,106.814,99.709
VelControlTask  ,34.665,L,-106.814,-103.544,R,106.814,102.265
VelControlTask  ,34.672,L,-106.814,-104.822,R,106.814,112.492
VelControlTask  ,34.679,L,-106.814,-108.657,R,106.814,111.214
VelControlTask  ,34.686,L,-106.814,-107.379,R,106.814,103.544
VelControlTask  ,34.693,L,-106.814,-108.657,R,106.814,108.657
VelControlTask  ,34.700,L,-106.814,-111.214,R,106.814,107.379
VelControlTask  ,34.707,L,-106.814,-108.657,R,106.814,104.822
VelControlTask  ,34.714,L,-106.814,-102.265,R,106.814,100.987
VelControlTask  ,34.721,L,-106.814,-104.822,R,106.814,109.935
VelControlTask  ,34.728,L,-106.814,-113.770,R,106.814,111.214
VelControlTask  ,34.735,L,-106.814,-99.709,R,106.814,103.544
VelControlTask  ,34.742,L,-106.814,-99.709,R,106.814,100.987
VelControlTask  ,34.749,L,-106.814,-111.214,R,106.814,115.049
VelControlTask  ,34.756,L,-106.814,-111.214,R,106.814,106.100
VelControlTask  ,34.763,L,-106.814,-106.100,R,106.814,103.544
VelControlTask  ,34.770,L,-106.814,-106.100,R,106.814,111.214
VelControlTask  ,34.777,L,-106.814,-108.657,R,106.814,104.822
VelControlTask  ,34.784,L,-106.814,-104.822,R,106.814,97.152
VelControlTask  ,34.791,L,-106.814,-102.265,R,106.814,106.100
VelControlTask  ,34.798,L,-106.814,-108.657,R,106.814,113.770
VelControlTask  ,34.805,L,-106.814,-111.214,R,106.814,111.214
VelControlTask  ,34.812,L,-106.814,-103.544,R,106.814,102.265
VelControlTask  ,34.819,L,-106.814,-103.544,R,106.814,106.100
VelControlTask  ,34.826,L,-106.814,-115.049,R,106.814,108.657
VelControlTask  ,34.833,L,-106.814,-106.100,R,106.814,100.987
VelControlTask  ,34.840,L,-106.814,-97.152,R,106.814,104.822
VelControlTask  ,34.847,L,-106.814,-108.657,R,106.814,112.492
VelControlTask  ,34.854,L,-106.814,-111.214,R,106.814,103.544
VelControlTask  ,34.861,L,-106.814,-104.822,R,106.814,104.822
VelControlTask  ,34.868,L,-106.814,-103.544,R,106.814,111.214
VelControlTask  ,34.875,L,-106.814,-108.657,R,106.814,108.657
VelControlTask  ,34.882,L,-106.814,-108.657,R,106.814,100.987
VelControlTask  ,34.889,L,-106.814,-104.822,R,106.814,106.100
VelControlTask  ,34.896,L,-106.814,-108.657,R,106.814,108.657
VelControlTask  ,34.903,L,-106.814,-112.492,R,106.814,106.100
VelControlTask  ,34.910,L,-106.814,-104.822,R,106.814,103.544
VelControlTask  ,34.917,L,-106.814,-107.379,R,106.814,109.935
VelControlTask  ,34.924,L,-106.814,-108.657,R,106.814,109.935
VelControlTask  ,34.931,L,-106.814,-99.709,R,106.814,97.152
VelControlTask  ,34.938,L,-106.814,-98.430,R,106.814,100.987
VelControlTask  ,34.945,L,-106.814,-111.214,R,106.814,117.605
VelControlTask  ,34.952,L,-106.814,-116.327,R,106.814,104.822
VelControlTask  ,34.959,L,-106.814,-106.100,R,106.814,102.265
VelControlTask  ,34.966,L,-106.814,-102.265,R,106.814,106.100
VelControlTask  ,34.973,L,-106.814,-107.379,R,106.814,104.822
VelControlTask  ,34.980,L,-106.814,-107.379,R,106.814,100.987
VelControlTask  ,34.987,L,-106.814,-103.544,R,106.814,109.935
VelControlTask  ,34.994,L,-106.814,-111.214,R,106.814,115.049
VelControlTask  ,35.001,L,-106.814,-108.657,R,106.814,103.544
VelControlTask  ,35.008,L,-106.814,-102.265,R,106.814,100.987
VelControlTask  ,35.015,L,-106.814,-104.822,R,106.814,104.822
VelControlTask  ,35.022,L,-106.814,-116.327,R,106.814,112.492
VelControlTask  ,35.029,L,-106.814,-103.544,R,106.814,98.430
VelControlTask  ,35.036,L,-106.814,-97.152,R,106.814,99.709
VelControlTask  ,35.043,L,-106.814,-107.379,R,106.814,116.327
VelControlTask  ,35.050,L,-106.814,-109.935,R,106.814,107.379
VelControlTask  ,35.057,L,-106.814,-104.822,R,106.814,104.822
VelControlTask  ,35.064,L,-106.814,-104.822,R,106.814,111.214
VelControlTask  ,35.071,L,-106.814,-109.935,R,106.814,104.822
VelControlTask  ,35.078,L,-106.814,-106.100,R,106.814,102.265
VelControlTask  ,35.085,L,-106.814,-100.987,R,106.814,107.379
VelControlTask  ,35.092,L,-106.814,-108.657,R,106.814,109.935
VelControlTask  ,35.099,L,-106.814,-116.327,R,106.814,106.100
VelControlTask  ,35.106,L,-106.814,-104.822,R,106.814,102.265
VelControlTask  ,35.113,L,-106.814,-100.987,R,106.814,107.379
VelControlTask  ,35.120,L,-106.814,-107.379,R,106.814,111.214
VelControlTask  ,35.127,L,-106.814,-102.265,R,106.814,99.709
VelControlTask  ,35.134,L,-106.814,-102.265,R,106.814,103.544
VelControlTask  ,35.141,L,-106.814,-113.770,R,106.814,116.327
VelControlTask  ,35.148,L,-106.814,-112.492,R,106.814,108.657
VelControlTask  ,35.155,L,-106.814,-106.100,R,106.814,103.544
VelControlTask  ,35.162,L,-106.814,-100.987,R,106.814,106.100
VelControlTask  ,35.169,L,-106.814,-107.379,R,106.814,103.544
VelControlTask  ,35.176,L,-106.814,-107.379,R,106.814,99.709
VelControlTask  ,35.183,L,106.814,-98.430,R,-106.814,107.379
VelControlTask  ,35.190,L,106.814,-42.184,R,-106.814,43.463
VelControlTask  ,35.197,L,106.814,112.492,R,-106.814,-95.874
VelControlTask  ,35.204,L,106.814,227.540,R,-106.814,-222.427
VelControlTask  ,35.211,L,106.814,242.880,R,-106.814,-226.262
VelControlTask  ,35.218,L,106.814,187.913,R,-106.814,-195.583
VelControlTask  ,35.225,L,106.814,121.440,R,-106.814,-115.049
VelControlTask  ,35.232,L,106.814,40.906,R,-106.814,-57.524
VelControlTask  ,35.239,L,106.814,20.453,R,-106.814,-34.515
VelControlTask  ,35.246,L,106.814,15.340,R,-106.814,-20.453
VelControlTask  ,35.253,L,106.814,75.421,R,-106.814,-58.803
VelControlTask  ,35.260,L,106.814,134.223,R,-106.814,-123.997
VelControlTask  ,35.267,L,106.814,173.851,R,-106.814,-163.625
VelControlTask  ,35.274,L,106.814,150.841,R,-106.814,-155.955
VelControlTask  ,35.281,L,106.814,129.110,R,-106.814,-118.883
VelControlTask  ,35.288,L,106.814,108.657,R,-106.814,-104.822
VelControlTask  ,35.295,L,106.814,85.647,R,-106.814,-72.864
VelControlTask  ,35.302,L,106.814,62.638,R,-106.814,-62.638
VelControlTask  ,35.309,L,106.814,67.751,R,-106.814,-81.812
VelControlTask  ,35.316,L,106.814,94.595,R,-106.814,-120.162
VelControlTask  ,35.323,L,106.814,116.327,R,-106.814,-131.667
VelControlTask  ,35.330,L,106.814,139.337,R,-106.814,-131.667
VelControlTask  ,35.337,L,106.814,120.162,R,-106.814,-93.317
VelControlTask  ,35.344,L,106.814,116.327,R,-106.814,-89.482
VelControlTask  ,35.351,L,106.814,99.709,R,-106.814,-92.039
VelControlTask  ,35.358,L,106.814,92.039,R,-106.814,-102.265
VelControlTask  ,35.365,L,106.814,86.926,R,-106.814,-116.327
VelControlTask  ,35.372,L,106.814,92.039,R,-106.814,-109.935
VelControlTask  ,35.379,L,106.814,100.987,R,-106.814,-111.214
VelControlTask  ,35.386,L,106.814,129.110,R,-106.814,-111.214
VelControlTask  ,35.393,L,106.814,107.379,R,-106.814,-104.822
VelControlTask  ,35.400,L,106.814,116.327,R,-106.814,-98.430
VelControlTask  ,35.407,L,106.814,107.379,R,-106.814,-100.987
VelControlTask  ,35.414,L,106.814,104.822,R,-106.814,-109.935
VelControlTask  ,35.421,L,106.814,100.987,R,-106.814,-103.544
VelControlTask  ,35.428,L,106.814,107.379,R,-106.814,-113.770
VelControlTask  ,35.435,L,106.814,106.100,R,-106.814,-109.935
VelControlTask  ,35.442,L,106.814,106.100,R,-106.814,-106.100
VelControlTask  ,35.449,L,106.814,108.657,R,-106.814,-104.822
VelControlTask  ,35.456,L,106.814,121.440,R,-106.814,-102.265
VelControlTask  ,35.463,L,106.814,107.379,R,-106.814,-109.935
VelControlTask  ,35.470,L,106.814,107.379,R,-106.814,-106.100
VelControlTask  ,35.477,L,106.814,98.430,R,-106.814,-104.822
VelControlTask  ,35.484,L,106.814,108.657,R,-106.814,-107.379
VelControlTask  ,35.491,L,106.814,109.935,R,-106.814,-103.544
VelControlTask  ,35.498,L,106.814,103.544,R,-106.814,-103.544
VelControlTask  ,35.505,L,106.814,113.770,R,-106.814,-108.657
VelControlTask  ,35.512,L,106.814,107.379,R,-106.814,-108.657
VelControlTask  ,35.519,L,106.814,103.544,R,-106.814,-102.265
VelControlTask  ,35.526,L,106.814,109.935,R,-106.814,-104.822
VelControlTask  ,35.533,L,106.814,106.100,R,-106.814,-109.935
VelControlTask  ,35.540,L,106.814,104.822,R,-106.814,-109.935
VelControlTask  ,35.547,L,106.814,106.100,R,-106.814,-104.822
VelControlTask  ,35.554,L,106.814,116.327,R,-106.814,-100.987
VelControlTask  ,35.561,L,106.814,102.265,R,-106.814,-107.379
VelControlTask  ,35.568,L,106.814,104.822,R,-106.814,-106.100
VelControlTask  ,35.575,L,106.814,103.544,R,-106.814,-103.544
VelControlTask  ,35.582,L,106.814,111.214,R,-106.814,-112.492
VelControlTask  ,35.589,L,106.814,99.709,R,-106.814,-108.657
VelControlTask  ,35.596,L,106.814,103.544,R,-106.814,-97.152
VelControlTask  ,35.603,L,106.814,116.327,R,-106.814,-102.265
VelControlTask  ,35.610,L,106.814,107.379,R,-106.814,-109.935
VelControlTask  ,35.617,L,106.814,99.709,R,-106.814,-107.379
VelControlTask  ,35.624,L,106.814,106.100,R,-106.814,-106.100
VelControlTask  ,35.631,L,106.814,113.770,R,-106.814,-115.049
VelControlTask  ,35.638,L,106.814,100.987,R,-106.814,-109.935
VelControlTask  ,35.645,L,106.814,108.657,R,-106.814,-103.544
VelControlTask  ,35.652,L,106.814,113.770,R,-106.814,-99.709
VelControlTask  ,35.659,L,106.814,102.265,R,-106.814,-108.657
VelControlTask  ,35.666,L,106.814,99.709,R,-106.814,-106.100
VelControlTask  ,35.673,L,106.814,104.822,R,-106.814,-106.100
VelControlTask  ,35.680,L,106.814,117.605,R,-106.814,-113.770
VelControlTask  ,35.687,L,106.814,107.379,R,-106.814,-106.100
VelControlTask  ,35.694,L,106.814,98.430,R,-106.814,-100.987
VelControlTask  ,35.701,L,106.814,103.544,R,-106.814,-104.822
VelControlTask  ,35.708,L,106.814,108.657,R,-106.814,-112.492
VelControlTask  ,35.715,L,106.814,106.100,R,-106.814,-100.987
VelControlTask  ,35.722,L,106.814,115.049,R,-106.814,-106.100
VelControlTask  ,35.729,L,106.814,104.822,R,-106.814,-109.935
VelControlTask  ,35.736,L,106.814,100.987,R,-106.814,-106.100
VelControlTask  ,35.743,L,106.814,100.987,R,-106.814,-100.987
VelControlTask  ,35.750,L,106.814,112.492,R,-106.814,-103.544
VelControlTask  ,35.757,L,106.814,108.657,R,-106.814,-113.770
VelControlTask  ,35.764,L,106.814,104.822,R,-106.814,-100.987
VelControlTask  ,35.771,L,106.814,106.100,R,-106.814,-104.822
VelControlTask  ,35.778,L,106.814,111.214,R,-106.814,-115.049
VelControlTask  ,35.785,L,106.814,104.822,R,-106.814,-111.214
VelControlTask  ,35.792,L,106.814,106.100,R,-106.814,-95.874
VelControlTask  ,35.799,L,106.814,109.935,R,-106.814,-99.709
VelControlTask  ,35.806,L,106.814,100.987,R,-106.814,-112.492
VelControlTask  ,35.813,L,106.814,102.265,R,-106.814,-104.822
VelControlTask  ,35.820,L,106.814,115.049,R,-106.814,-109.935
VelControlTask  ,35.827,L,106.814,116.327,R,-106.814,-112.492
VelControlTask  ,35.834,L,106.814,98.430,R,-106.814,-108.657
VelControlTask  ,35.841,L,106.814,102.265,R,-106.814,-100.987
VelControlTask  ,35.848,L,106.814,111.214,R,-106.814,-99.709
VelControlTask  ,35.855,L,106.814,107.379,R,-106.814,-111.214
VelControlTask  ,35.862,L,106.814,104.822,R,-106.814,-100.987
VelControlTask  ,35.869,L,106.814,107.379,R,-106.814,-104.822
VelControlTask  ,35.876,L,106.814,112.492,R,-106.814,-111.214
VelControlTask  ,35.883,L,106.814,104.822,R,-106.814,-106.100
VelControlTask  ,35.890,L,106.814,100.987,R,-106.814,-99.709
VelControlTask  ,35.897,L,106.814,108.657,R,-106.814,-104.822
VelControlTask  ,35.904,L,106.814,103.544,R,-106.814,-111.214
VelControlTask  ,35.911,L,106.814,104.822,R,-106.814,-103.544
VelControlTask  ,35.918,L,106.814,115.049,R,-106.814,-108.657
VelControlTask  ,35.925,L,106.814,108.657,R,-106.814,-111.214
VelControlTask  ,35.932,L,106.814,100.987,R,-106.814,-104.822
VelControlTask  ,35.939,L,106.814,102.265,R,-106.814,-104.822
VelControlTask  ,35.946,L,106.814,111.214,R,-106.814,-99.709
VelControlTask  ,35.953,L,106.814,104.822,R,-106.814,-111.214
VelControlTask  ,35.960,L,106.814,103.544,R,-106.814,-104.822
VelControlTask  ,35.967,L,106.814,107.379,R,-106.814,-104.822
VelControlTask  ,35.974,L,106.814,111.214,R,-106.814,-112.492
VelControlTask  ,35.981,L,106.814,103.544,R,-106.814,-109.935
VelControlTask  ,35.988,L,106.814,100.987,R,-106.814,-98.430
VelControlTask  ,35.995,L,106.814,108.657,R,-106.814,-98.430
VelControlTask  ,36.002,L,106.814,104.822,R,-106.814,-111.214
VelControlTask  ,36.009,L,106.814,106.100,R,-106.814,-104.822
VelControlTask  ,36.016,L,106.814,109.935,R,-106.814,-107.379
VelControlTask  ,36.023,L,106.814,112.492,R,-106.814,-109.935
VelControlTask  ,36.030,L,106.814,98.430,R,-106.814,-109.935
VelControlTask  ,36.037,L,106.814,102.265,R,-106.814,-107.379
VelControlTask  ,36.044,L,106.814,113.770,R,-106.814,-102.265
VelControlTask  ,36.051,L,106.814,106.100,R,-106.814,-107.379
VelControlTask  ,36.058,L,106.814,103.544,R,-106.814,-103.544
VelControlTask  ,36.065,L,106.814,106.100,R,-106.814,-104.822
VelControlTask  ,36.072,L,106.814,113.770,R,-106.814,-108.657
VelControlTask  ,36.079,L,106.814,107.379,R,-106.814,-107.379
VelControlTask  ,36.086,L,106.814,98.430,R,-106.814,-100.987
VelControlTask  ,36.093,L,106.814,106.100,R,-106.814,-107.379
VelControlTask  ,36.100,L,106.814,109.935,R,-106.814,-111.214
VelControlTask  ,36.107,L,106.814,104.822,R,-106.814,-104.822
VelControlTask  ,36.114,L,106.814,108.657,R,-106.814,-106.100
VelControlTask  ,36.121,L,106.814,107.379,R,-106.814,-107.379
VelControlTask  ,36.128,L,106.814,106.100,R,-106.814,-107.379
VelControlTask  ,36.135,L,106.814,108.657,R,-106.814,-106.100
VelControlTask  ,36.142,L,106.814,108.657,R,-106.814,-100.987
VelControlTask  ,36.149,L,106.814,104.822,R,-106.814,-112.492
VelControlTask  ,36.156,L,106.814,104.822,R,-106.814,-106.100
VelControlTask  ,36.163,L,106.814,107.379,R,-106.814,-104.822
VelControlTask  ,36.170,L,106.814,112.492,R,-106.814,-112.492
VelControlTask  ,36.177,L,106.814,103.544,R,-106.814,-109.935
VelControlTask  ,36.184,L,106.814,98.430,R,-106.814,-97.152
VelControlTask  ,36.191,L,106.814,112.492,R,-106.814,-102.265
VelControlTask  ,36.198,L,106.814,107.379,R,-106.814,-115.049
VelControlTask  ,36.205,L,106.814,104.822,R,-106.814,-106.100
VelControlTask  ,36.212,L,106.814,107.379,R,-106.814,-106.100
VelControlTask  ,36.219,L,106.814,111.214,R,-106.814,-108.657
VelControlTask  ,36.226,L,106.814,106.100,R,-106.814,-108.657
VelControlTask  ,36.233,L,106.814,102.265,R,-106.814,-108.657
VelControlTask  ,36.240,L,106.814,116.327,R,-106.814,-104.822
VelControlTask  ,36.247,L,106.814,111.214,R,-106.814,-108.657
VelControlTask  ,36.254,L,106.814,102.265,R,-106.814,-99.709
VelControlTask  ,36.261,L,106.814,99.709,R,-106.814,-102.265
VelControlTask  ,36.268,L,106.814,112.492,R,-106.814,-112.492
VelControlTask  ,36.275,L,106.814,107.379,R,-106.814,-111.214
VelControlTask  ,36.282,L,106.814,103.544,R,-106.814,-99.709
VelControlTask  ,36.289,L,106.814,116.327,R,-106.814,-103.544
VelControlTask  ,36.296,L,106.814,102.265,R,-106.814,-108.657
VelControlTask  ,36.303,L,106.814,98.430,R,-106.814,-106.100
VelControlTask  ,36.310,L,106.814,104.822,R,-106.814,-104.822
VelControlTask  ,36.317,L,106.814,112.492,R,-106.814,-111.214
VelControlTask  ,36.324,L,106.814,103.544,R,-106.814,-109.935
VelControlTask  ,36.331,L,106.814,104.822,R,-106.814,-100.987
VelControlTask  ,36.338,L,106.814,112.492,R,-106.814,-97.152
VelControlTask  ,36.345,L,106.814,104.822,R,-106.814,-109.935
VelControlTask  ,36.352,L,106.814,102.265,R,-106.814,-106.100
VelControlTask  ,36.359,L,106.814,103.544,R,-106.814,-104.822
VelControlTask  ,36.366,L,106.814,115.049,R,-106.814,-113.770
VelControlTask  ,36.373,L,106.814,104.822,R,-106.814,-111.214
VelControlTask  ,36.380,L,106.814,103.544,R,-106.814,-95.874
VelControlTask  ,36.387,L,106.814,112.492,R,-106.814,-98.430
VelControlTask  ,36.394,L,106.814,106.100,R,-106.814,-111.214
VelControlTask  ,36.401,L,106.814,99.709,R,-106.814,-107.379
VelControlTask  ,36.408,L,106.814,104.822,R,-106.814,-107.379
VelControlTask  ,36.415,L,106.814,116.327,R,-106.814,-109.935
VelControlTask  ,36.422,L,106.814,106.100,R,-106.814,-107.379
VelControlTask  ,36.429,L,106.814,106.100,R,-106.814,-103.544
VelControlTask  ,36.436,L,106.814,113.770,R,-106.814,-97.152
VelControlTask  ,36.443,L,106.814,106.100,R,-106.814,-111.214
VelControlTask  ,36.450,L,106.814,100.987,R,-106.814,-107.379
VelControlTask  ,36.457,L,106.814,102.265,R,-106.814,-106.100
VelControlTask  ,36.464,L,106.814,117.605,R,-106.814,-109.935
VelControlTask  ,36.471,L,106.814,104.822,R,-106.814,-106.100
VelControlTask  ,36.478,L,106.814,99.709,R,-106.814,-99.709
VelControlTask  ,36.485,L,106.814,112.492,R,-106.814,-103.544
VelControlTask  ,36.492,L,106.814,107.379,R,-106.814,-113.770
VelControlTask  ,36.499,L,106.814,103.544,R,-106.814,-104.822
VelControlTask  ,36.506,L,106.814,104.822,R,-106.814,-103.544
VelControlTask  ,36.513,L,106.814,108.657,R,-106.814,-109.935
VelControlTask  ,36.520,L,106.814,107.379,R,-106.814,-108.657
VelControlTask  ,36.527,L,106.814,106.100,R,-106.814,-103.544
VelControlTask  ,36.534,L,106.814,116.327,R,-106.814,-99.709
VelControlTask  ,36.541,L,106.814,104.822,R,-106.814,-111.214
VelControlTask  ,36.548,L,106.814,99.709,R,-106.814,-104.822
VelControlTask  ,36.555,L,106.814,100.987,R,-106.814,-104.822
VelControlTask  ,36.562,L,106.814,113.770,R,-106.814,-113.770
VelControlTask  ,36.569,L,106.814,104.822,R,-106.814,-108.657
VelControlTask  ,36.576,L,106.814,102.265,R,-106.814,-97.152
VelControlTask  ,36.583,L,106.814,113.770,R,-106.814,-100.987
VelControlTask  ,36.590,L,106.814,106.100,R,-106.814,-112.492
VelControlTask  ,36.597,L,106.814,100.987,R,-106.814,-107.379
VelControlTask  ,36.604,L,106.814,104.822,R,-106.814,-107.379
VelControlTask  ,36.611,L,106.814,113.770,R,-106.814,-109.935
VelControlTask  ,36.618,L,106.814,102.265,R,-106.814,-109.935
VelControlTask  ,36.625,L,106.814,103.544,R,-106.814,-102.265
VelControlTask  ,36.632,L,106.814,115.049,R,-106.814,-97.152
VelControlTask  ,36.639,L,106.814,108.657,R,-106.814,-112.492
VelControlTask  ,36.646,L,106.814,99.709,R,-106.814,-104.822
VelControlTask  ,36.653,L,106.814,104.822,R,-106.814,-102.265
VelControlTask  ,36.660,L,106.814,113.770,R,-106.814,-108.657
VelControlTask  ,36.667,L,106.814,109.935,R,-106.814,-109.935
VelControlTask  ,36.674,L,106.814,99.709,R,-106.814,-102.265
VelControlTask  ,36.681,L,106.814,103.544,R,-106.814,-103.544
VelControlTask  ,36.688,L,106.814,102.265,R,-106.814,-107.379
VelControlTask  ,36.695,L,106.814,107.379,R,-106.814,-104.822
VelControlTask  ,36.702,L,106.814,112.492,R,-106.814,-104.822
VelControlTask  ,36.709,L,106.814,111.214,R,-106.814,-109.935
VelControlTask  ,36.716,L,106.814,100.987,R,-106.814,-108.657
VelControlTask  ,36.723,L,106.814,99.709,R,-106.814,-107.379
VelControlTask  ,36.730,L,106.814,107.379,R,-106.814,-98.430
VelControlTask  ,36.737,L,106.814,109.935,R,-106.814,-107.379
VelControlTask  ,36.744,L,106.814,104.822,R,-106.814,-109.935
VelControlTask  ,36.751,L,106.814,107.379,R,-106.814,-103.544
VelControlTask  ,36.758,L,106.814,111.214,R,-106.814,-109.935
VelControlTask  ,36.765,L,106.814,106.100,R,-106.814,-115.049
VelControlTask  ,36.772,L,106.814,99.709,R,-106.814,-100.987
VelControlTask  ,36.779,L,106.814,108.657,R,-106.814,-100.987
VelControlTask  ,36.786,L,106.814,108.657,R,-106.814,-109.935
VelControlTask  ,36.793,L,106.814,103.544,R,-106.814,-103.544
VelControlTask  ,36.800,L,106.814,107.379,R,-106.814,-106.100
VelControlTask  ,36.807,L,106.814,115.049,R,-106.814,-112.492
VelControlTask  ,36.814,L,106.814,104.822,R,-106.814,-111.214
VelControlTask  ,36.821,L,106.814,98.430,R,-106.814,-102.265
VelControlTask  ,36.828,L,106.814,108.657,R,-106.814,-94.595
VelControlTask  ,36.835,L,106.814,111.214,R,-106.814,-107.379
VelControlTask  ,36.842,L,106.814,104.822,R,-106.814,-111.214
VelControlTask  ,36.849,L,106.814,106.100,R,-106.814,-102.265
VelControlTask  ,36.856,L,106.814,112.492,R,-106.814,-107.379
VelControlTask  ,36.863,L,106.814,106.100,R,-106.814,-108.657
VelControlTask  ,36.870,L,106.814,97.152,R,-106.814,-103.544
VelControlTask  ,36.877,L,106.814,109.935,R,-106.814,-106.100
VelControlTask  ,36.884,L,106.814,107.379,R,-106.814,-107.379
VelControlTask  ,36.891,L,106.814,102.265,R,-106.814,-106.100
VelControlTask  ,36.898,L,106.814,106.100,R,-106.814,-106.100
VelControlTask  ,36.905,L,106.814,108.657,R,-106.814,-107.379
VelControlTask  ,36.912,L,106.814,108.657,R,-106.814,-108.657
VelControlTask  ,36.919,L,106.814,99.709,R,-106.814,-108.657
VelControlTask  ,36.926,L,106.814,108.657,R,-106.814,-95.874
VelControlTask  ,36.933,L,106.814,109.935,R,-106.814,-107.379
VelControlTask  ,36.940,L,106.814,106.100,R,-106.814,-111.214
VelControlTask  ,36.947,L,106.814,104.822,R,-106.814,-102.265
VelControlTask  ,36.954,L,106.814,109.935,R,-106.814,-106.100
VelControlTask  ,36.961,L,106.814,107.379,R,-106.814,-113.770
VelControlTask  ,36.968,L,106.814,99.709,R,-106.814,-103.544
VelControlTask  ,36.975,L,106.814,112.492,R,-106.814,-102.265
VelControlTask  ,36.982,L,106.814,109.935,R,-106.814,-109.935
VelControlTask  ,36.989,L,106.814,100.987,R,-106.814,-103.544
VelControlTask  ,36.996,L,106.814,100.987,R,-106.814,-103.544
VelControlTask  ,37.003,L,106.814,112.492,R,-106.814,-111.214
VelControlTask  ,37.010,L,106.814,113.770,R,-106.814,-115.049
VelControlTask  ,37.017,L,106.814,102.265,R,-106.814,-103.544
VelControlTask  ,37.024,L,106.814,108.657,R,-106.814,-93.317
VelControlTask  ,37.031,L,106.814,107.379,R,-106.814,-106.100
VelControlTask  ,37.038,L,106.814,104.822,R,-106.814,-113.770
VelControlTask  ,37.045,L,106.814,104.822,R,-106.814,-104.822
VelControlTask  ,37.052,L,106.814,113.770,R,-106.814,-107.379
VelControlTask  ,37.059,L,106.814,109.935,R,-106.814,-108.657
VelControlTask  ,37.066,L,106.814,94.595,R,-106.814,-103.544
VelControlTask  ,37.073,L,106.814,104.822,R,-106.814,-102.265
VelControlTask  ,37.080,L,106.814,113.770,R,-106.814,-111.214
VelControlTask  ,37.087,L,106.814,104.822,R,-106.814,-104.822
VelControlTask  ,37.094,L,106.814,107.379,R,-106.814,-104.822
VelControlTask  ,37.101,L,106.814,107.379,R,-106.814,-106.100
VelControlTask  ,37.108,L,106.814,108.657,R,-106.814,-108.657
VelControlTask  ,37.115,L,106.814,102.265,R,-106.814,-106.100
VelControlTask  ,37.122,L,106.814,104.822,R,-106.814,-99.709
VelControlTask  ,37.129,L,106.814,109.935,R,-106.814,-109.935
VelControlTask  ,37.136,L,106.814,103.544,R,-106.814,-103.544
VelControlTask  ,37.143,L,106.814,103.544,R,-106.814,-102.265
VelControlTask  ,37.150,L,106.814,112.492,R,-106.814,-108.657
VelControlTask  ,37.157,L,106.814,106.100,R,-106.814,-117.605
VelControlTask  ,37.164,L,106.814,99.709,R,-106.814,-100.987
VelControlTask  ,37.171,L,106.814,112.492,R,-106.814,-94.595
VelControlTask  ,37.178,L,106.814,108.657,R,-106.814,-103.544
VelControlTask  ,37.185,L,-106.814,93.317,R,106.814,-99.709
VelControlTask  ,37.192,L,-106.814,15.340,R,106.814,-2.557
VelControlTask  ,37.199,L,-106.814,-153.398,R,106.814,143.172
VelControlTask  ,37.206,L,-106.814,-247.994,R,106.814,239.045
VelControlTask  ,37.213,L,-106.814,-221.149,R,106.814,216.036
VelControlTask  ,37.220,L,-106.814,-178.964,R,106.814,175.129
VelControlTask  ,37.227,L,-106.814,-83.091,R,106.814,94.595
VelControlTask  ,37.234,L,-106.814,-31.958,R,106.814,43.463
VelControlTask  ,37.241,L,-106.814,-16.618,R,106.814,17.896
VelControlTask  ,37.248,L,-106.814,-20.453,R,106.814,17.896
VelControlTask  ,37.255,L,-106.814,-95.874,R,106.814,89.482
VelControlTask  ,37.262,L,-106.814,-149.563,R,106.814,148.285
VelControlTask  ,37.269,L,-106.814,-167.460,R,106.814,178.964
VelControlTask  ,37.276,L,-106.814,-144.450,R,106.814,148.285
VelControlTask  ,37.283,L,-106.814,-118.883,R,106.814,117.605
VelControlTask  ,37.290,L,-106.814,-93.317,R,106.814,100.987
VelControlTask  ,37.297,L,-106.814,-76.699,R,106.814,74.142
VelControlTask  ,37.304,L,-106.814,-60.081,R,106.814,57.524
VelControlTask  ,37.311,L,-106.814,-77.977,R,106.814,61.359
VelControlTask  ,37.318,L,-106.814,-109.935,R,106.814,116.327
VelControlTask  ,37.325,L,-106.814,-126.553,R,106.814,125.275
VelControlTask  ,37.332,L,-106.814,-130.388,R,106.814,130.388
VelControlTask  ,37.339,L,-106.814,-121.440,R,106.814,121.440
VelControlTask  ,37.346,L,-106.814,-97.152,R,106.814,108.657
VelControlTask  ,37.353,L,-106.814,-95.874,R,106.814,98.430
VelControlTask  ,37.360,L,-106.814,-89.482,R,106.814,88.204
VelControlTask  ,37.367,L,-106.814,-84.369,R,106.814,86.926
VelControlTask  ,37.374,L,-106.814,-104.822,R,106.814,115.049
VelControlTask  ,37.381,L,-106.814,-116.327,R,106.814,106.100
VelControlTask  ,37.388,L,-106.814,-122.718,R,106.814,115.049
VelControlTask  ,37.395,L,-106.814,-117.605,R,106.814,111.214
VelControlTask  ,37.402,L,-106.814,-99.709,R,106.814,100.987
VelControlTask  ,37.409,L,-106.814,-98.430,R,106.814,99.709
VelControlTask  ,37.416,L,-106.814,-98.430,R,106.814,113.770
VelControlTask  ,37.423,L,-106.814,-100.987,R,106.814,102.265
VelControlTask  ,37.430,L,-106.814,-111.214,R,106.814,102.265
VelControlTask  ,37.437,L,-106.814,-102.265,R,106.814,102.265
VelControlTask  ,37.444,L,-106.814,-112.492,R,106.814,118.883
VelControlTask  ,37.451,L,-106.814,-111.214,R,106.814,107.379
VelControlTask  ,37.458,L,-106.814,-104.822,R,106.814,107.379
VelControlTask  ,37.465,L,-106.814,-98.430,R,106.814,106.100
VelControlTask  ,37.472,L,-106.814,-109.935,R,106.814,108.657
VelControlTask  ,37.479,L,-106.814,-103.544,R,106.814,103.544
VelControlTask  ,37.486,L,-106.814,-106.100,R,106.814,100.987
VelControlTask  ,37.493,L,-106.814,-107.379,R,106.814,113.770
VelControlTask  ,37.500,L,-106.814,-111.214,R,106.814,107.379
VelControlTask  ,37.507,L,-106.814,-108.657,R,106.814,99.709
VelControlTask  ,37.514,L,-106.814,-107.379,R,106.814,111.214
VelControlTask  ,37.521,L,-106.814,-109.935,R,106.814,103.544
VelControlTask  ,37.528,L,-106.814,-102.265,R,106.814,102.265
VelControlTask  ,37.535,L,-106.814,-100.987,R,106.814,107.379
VelControlTask  ,37.542,L,-106.814,-109.935,R,106.814,116.327
VelControlTask  ,37.549,L,-106.814,-112.492,R,106.814,111.214
VelControlTask  ,37.556,L,-106.814,-107.379,R,106.814,102.265
VelControlTask  ,37.563,L,-106.814,-102.265,R,106.814,103.544
VelControlTask  ,37.570,L,-106.814,-115.049,R,106.814,108.657
VelControlTask  ,37.577,L,-106.814,-100.987,R,106.814,100.987
VelControlTask  ,37.584,L,-106.814,-102.265,R,106.814,106.100
VelControlTask  ,37.591,L,-106.814,-108.657,R,106.814,113.770
VelControlTask  ,37.598,L,-106.814,-111.214,R,106.814,106.100
VelControlTask  ,37.605,L,-106.814,-107.379,R,106.814,102.265
VelControlTask  ,37.612,L,-106.814,-107.379,R,106.814,111.214
VelControlTask  ,37.619,L,-106.814,-111.214,R,106.814,106.100
VelControlTask  ,37.626,L,-106.814,-104.822,R,106.814,99.709
VelControlTask  ,37.633,L,-106.814,-103.544,R,106.814,106.100
VelControlTask  ,37.640,L,-106.814,-106.100,R,106.814,115.049
VelControlTask  ,37.647,L,-106.814,-111.214,R,106.814,108.657
VelControlTask  ,37.654,L,-106.814,-104.822,R,106.814,104.822
VelControlTask  ,37.661,L,-106.814,-102.265,R,106.814,107.379
VelControlTask  ,37.668,L,-106.814,-113.770,R,106.814,111.214
VelControlTask  ,37.675,L,-106.814,-104.822,R,106.814,100.987
VelControlTask  ,37.682,L,-106.814,-103.544,R,106.814,99.709
VelControlTask  ,37.689,L,-106.814,-104.822,R,106.814,112.492
VelControlTask  ,37.696,L,-106.814,-111.214,R,106.814,107.379
VelControlTask  ,37.703,L,-106.814,-108.657,R,106.814,100.987
VelControlTask  ,37.710,L,-106.814,-107.379,R,106.814,112.492
VelControlTask  ,37.717,L,-106.814,-109.935,R,106.814,104.822
VelControlTask  ,37.724,L,-106.814,-102.265,R,106.814,102.265
VelControlTask  ,37.731,L,-106.814,-100.987,R,106.814,106.100
VelControlTask  ,37.738,L,-106.814,-109.935,R,106.814,113.770
VelControlTask  ,37.745,L,-106.814,-111.214,R,106.814,112.492
VelControlTask  ,37.752,L,-106.814,-104.822,R,106.814,102.265
VelControlTask  ,37.759,L,-106.814,-98.430,R,106.814,104.822
VelControlTask  ,37.766,L,-106.814,-109.935,R,106.814,108.657
VelControlTask  ,37.773,L,-106.814,-107.379,R,106.814,100.987
VelControlTask  ,37.780,L,-106.814,-104.822,R,106.814,107.379
VelControlTask  ,37.787,L,-106.814,-109.935,R,106.814,113.770
VelControlTask  ,37.794,L,-106.814,-106.100,R,106.814,103.544
VelControlTask  ,37.801,L,-106.814,-104.822,R,106.814,99.709
VelControlTask  ,37.808,L,-106.814,-111.214,R,106.814,111.214
VelControlTask  ,37.815,L,-106.814,-112.492,R,106.814,107.379
VelControlTask  ,37.822,L,-106.814,-99.709,R,106.814,100.987
VelControlTask  ,37.829,L,-106.814,-99.709,R,106.814,103.544
VelControlTask  ,37.836,L,-106.814,-103.544,R,106.814,111.214
VelControlTask  ,37.843,L,-106.814,-115.049,R,106.814,112.492
VelControlTask  ,37.850,L,-106.814,-106.100,R,106.814,106.100
VelControlTask  ,37.857,L,-106.814,-102.265,R,106.814,109.935
VelControlTask  ,37.864,L,-106.814,-108.657,R,106.814,107.379
VelControlTask  ,37.871,L,-106.814,-103.544,R,106.814,103.544
VelControlTask  ,37.878,L,-106.814,-103.544,R,106.814,98.430
VelControlTask  ,37.885,L,-106.814,-111.214,R,106.814,112.492
VelControlTask  ,37.892,L,-106.814,-111.214,R,106.814,111.214
VelControlTask  ,37.899,L,-106.814,-107.379,R,106.814,100.987
VelControlTask  ,37.906,L,-106.814,-107.379,R,106.814,111.214
VelControlTask  ,37.913,L,-106.814,-108.657,R,106.814,104.822
VelControlTask  ,37.920,L,-106.814,-100.987,R,106.814,103.544
VelControlTask  ,37.927,L,-106.814,-100.987,R,106.814,107.379
VelControlTask  ,37.934,L,-106.814,-106.100,R,106.814,112.492
VelControlTask  ,37.941,L,-106.814,-115.049,R,106.814,108.657
VelControlTask  ,37.948,L,-106.814,-106.100,R,106.814,103.544
VelControlTask  ,37.955,L,-106.814,-103.544,R,106.814,100.987
VelControlTask  ,37.962,L,-106.814,-109.935,R,106.814,106.100
VelControlTask  ,37.969,L,-106.814,-102.265,R,106.814,102.265
VelControlTask  ,37.976,L,-106.814,-103.544,R,106.814,107.379
VelControlTask  ,37.983,L,-106.814,-111.214,R,106.814,116.327
VelControlTask  ,37.990,L,-106.814,-111.214,R,106.814,103.544
VelControlTask  ,37.997,L,-106.814,-104.822,R,106.814,99.709
VelControlTask  ,38.004,L,-106.814,-107.379,R,106.814,106.100
VelControlTask  ,38.011,L,-106.814,-111.214,R,106.814,107.379
VelControlTask  ,38.018,L,-106.814,-103.544,R,106.814,99.709
VelControlTask  ,38.025,L,-106.814,-98.430,R,106.814,109.935
VelControlTask  ,38.032,L,-106.814,-102.265,R,106.814,111.214
VelControlTask  ,38.039,L,-106.814,-116.327,R,106.814,109.935
VelControlTask  ,38.046,L,-106.814,-106.100,R,106.814,106.100
VelControlTask  ,38.053,L,-106.814,-99.709,R,106.814,109.935
VelControlTask  ,38.060,L,-106.814,-109.935,R,106.814,106.100
VelControlTask  ,38.067,L,-106.814,-106.100,R,106.814,102.265
VelControlTask  ,38.074,L,-106.814,-100.987,R,106.814,100.987
VelControlTask  ,38.081,L,-106.814,-107.379,R,106.814,115.049
VelControlTask  ,38.088,L,-106.814,-111.214,R,106.814,107.379
VelControlTask  ,38.095,L,-106.814,-107.379,R,106.814,98.430
VelControlTask  ,38.102,L,-106.814,-106.100,R,106.814,108.657
VelControlTask  ,38.109,L,-106.814,-111.214,R,106.814,107.379
VelControlTask  ,38.116,L,-106.814,-100.987,R,106.814,106.100
VelControlTask  ,38.123,L,-106.814,-97.152,R,106.814,107.379
VelControlTask  ,38.130,L,-106.814,-106.100,R,106.814,113.770
VelControlTask  ,38.137,L,-106.814,-117.605,R,106.814,112.492
VelControlTask  ,38.144,L,-106.814,-108.657,R,106.814,100.987
VelControlTask  ,38.151,L,-106.814,-102.265,R,106.814,99.709
VelControlTask  ,38.158,L,-106.814,-106.100,R,106.814,104.822
VelControlTask  ,38.165,L,-106.814,-103.544,R,106.814,103.544
VelControlTask  ,38.172,L,-106.814,-99.709,R,106.814,107.379
VelControlTask  ,38.179,L,-106.814,-109.935,R,106.814,117.605
VelControlTask  ,38.186,L,-106.814,-112.492,R,106.814,103.544
VelControlTask  ,38.193,L,-106.814,-106.100,R,106.814,98.430
VelControlTask  ,38.200,L,-106.814,-108.657,R,106.814,106.100
VelControlTask  ,38.207,L,-106.814,-109.935,R,106.814,108.657
VelControlTask  ,38.214,L,-106.814,-104.822,R,106.814,102.265
VelControlTask  ,38.221,L,-106.814,-100.987,R,106.814,107.379
VelControlTask  ,38.228,L,-106.814,-103.544,R,106.814,112.492
VelControlTask  ,38.235,L,-106.814,-115.049,R,106.814,107.379
VelControlTask  ,38.242,L,-106.814,-107.379,R,106.814,106.100
VelControlTask  ,38.249,L,-106.814,-100.987,R,106.814,107.379
VelControlTask  ,38.256,L,-106.814,-109.935,R,106.814,111.214
VelControlTask  ,38.263,L,-106.814,-106.100,R,106.814,104.822
VelControlTask  ,38.270,L,-106.814,-100.987,R,106.814,100.987
VelControlTask  ,38.277,L,-106.814,-107.379,R,106.814,113.770
VelControlTask  ,38.284,L,-106.814,-112.492,R,106.814,104.822
VelControlTask  ,38.291,L,-106.814,-108.657,R,106.814,98.430
VelControlTask  ,38.298,L,-106.814,-107.379,R,106.814,108.657
VelControlTask  ,38.305,L,-106.814,-109.935,R,106.814,111.214
VelControlTask  ,38.312,L,-106.814,-100.987,R,106.814,104.822
VelControlTask  ,38.319,L,-106.814,-97.152,R,106.814,107.379
VelControlTask  ,38.326,L,-106.814,-103.544,R,106.814,113.770
VelControlTask  ,38.333,L,-106.814,-117.605,R,106.814,111.214
VelControlTask  ,38.340,L,-106.814,-108.657,R,106.814,99.709
VelControlTask  ,38.347,L,-106.814,-99.709,R,106.814,99.709
VelControlTask  ,38.354,L,-106.814,-106.100,R,106.814,107.379
VelControlTask  ,38.361,L,-106.814,-106.100,R,106.814,100.987
VelControlTask  ,38.368,L,-106.814,-102.265,R,106.814,103.544
VelControlTask  ,38.375,L,-106.814,-111.214,R,106.814,115.049
VelControlTask  ,38.382,L,-106.814,-111.214,R,106.814,108.657
VelControlTask  ,38.389,L,-106.814,-106.100,R,106.814,100.987
VelControlTask  ,38.396,L,-106.814,-106.100,R,106.814,107.379
VelControlTask  ,38.403,L,-106.814,-112.492,R,106.814,106.100
VelControlTask  ,38.410,L,-106.814,-103.544,R,106.814,99.709
VelControlTask  ,38.417,L,-106.814,-100.987,R,106.814,106.100
VelControlTask  ,38.424,L,-106.814,-102.265,R,106.814,113.770
VelControlTask  ,38.431,L,-106.814,-116.327,R,106.814,109.935
VelControlTask  ,38.438,L,-106.814,-108.657,R,106.814,100.987
VelControlTask  ,38.445,L,-106.814,-100.987,R,106.814,106.100
VelControlTask  ,38.452,L,-106.814,-108.657,R,106.814,113.770
VelControlTask  ,38.459,L,-106.814,-107.379,R,106.814,109.935
VelControlTask  ,38.466,L,-106.814,-103.544,R,106.814,98.430
VelControlTask  ,38.473,L,-106.814,-106.100,R,106.814,108.657
VelControlTask  ,38.480,L,-106.814,-115.049,R,106.814,109.935
VelControlTask  ,38.487,L,-106.814,-107.379,R,106.814,100.987
VelControlTask  ,38.494,L,-106.814,-104.822,R,106.814,109.935
VelControlTask  ,38.501,L,-106.814,-107.379,R,106.814,108.657
VelControlTask  ,38.508,L,-106.814,-103.544,R,106.814,104.822
VelControlTask  ,38.515,L,-106.814,-98.430,R,106.814,106.100
VelControlTask  ,38.522,L,-106.814,-103.544,R,106.814,111.214
VelControlTask  ,38.529,L,-106.814,-115.049,R,106.814,113.770
VelControlTask  ,38.536,L,-106.814,-108.657,R,106.814,100.987
VelControlTask  ,38.543,L,-106.814,-100.987,R,106.814,102.265
VelControlTask  ,38.550,L,-106.814,-106.100,R,106.814,108.657
VelControlTask  ,38.557,L,-106.814,-107.379,R,106.814,106.100
VelControlTask  ,38.564,L,-106.814,-100.987,R,106.814,99.709
VelControlTask  ,38.571,L,-106.814,-107.379,R,106.814,112.492
VelControlTask  ,38.578,L,-106.814,-111.214,R,106.814,112.492
VelControlTask  ,38.585,L,-106.814,-107.379,R,106.814,104.822
VelControlTask  ,38.592,L,-106.814,-106.100,R,106.814,111.214
VelControlTask  ,38.599,L,-106.814,-111.214,R,106.814,104.822
VelControlTask  ,38.606,L,-106.814,-103.544,R,106.814,98.430
VelControlTask  ,38.613,L,-106.814,-100.987,R,106.814,102.265
VelControlTask  ,38.620,L,-106.814,-100.987,R,106.814,112.492
VelControlTask  ,38.627,L,-106.814,-116.327,R,106.814,112.492
VelControlTask  ,38.634,L,-106.814,-107.379,R,106.814,104.822
VelControlTask  ,38.641,L,-106.814,-99.709,R,106.814,106.100
VelControlTask  ,38.648,L,-106.814,-108.657,R,106.814,109.935
VelControlTask  ,38.655,L,-106.814,-109.935,R,106.814,109.935
VelControlTask  ,38.662,L,-106.814,-102.265,R,106.814,98.430
VelControlTask  ,38.669,L,-106.814,-106.100,R,106.814,112.492
VelControlTask  ,38.676,L,-106.814,-112.492,R,106.814,107.379
VelControlTask  ,38.683,L,-106.814,-108.657,R,106.814,98.430
VelControlTask  ,38.690,L,-106.814,-103.544,R,106.814,108.657
VelControlTask  ,38.697,L,-106.814,-109.935,R,106.814,108.657
VelControlTask  ,38.704,L,-106.814,-102.265,R,106.814,103.544
VelControlTask  ,38.711,L,-106.814,-97.152,R,106.814,103.544
VelControlTask  ,38.718,L,-106.814,-104.822,R,106.814,111.214
VelControlTask  ,38.725,L,-106.814,-116.327,R,106.814,113.770
VelControlTask  ,38.732,L,-106.814,-108.657,R,106.814,103.544
VelControlTask  ,38.739,L,-106.814,-102.265,R,106.814,102.265
VelControlTask  ,38.746,L,-106.814,-104.822,R,106.814,103.544
VelControlTask  ,38.753,L,-106.814,-107.379,R,106.814,104.822
VelControlTask  ,38.760,L,-106.814,-104.822,R,106.814,99.709
VelControlTask  ,38.767,L,-106.814,-107.379,R,106.814,112.492
VelControlTask  ,38.774,L,-106.814,-109.935,R,106.814,113.770
VelControlTask  ,38.781,L,-106.814,-107.379,R,106.814,103.544
VelControlTask  ,38.788,L,-106.814,-107.379,R,106.814,106.100
VelControlTask  ,38.795,L,-106.814,-112.492,R,106.814,104.822
VelControlTask  ,38.802,L,-106.814,-103.544,R,106.814,102.265
VelControlTask  ,38.809,L,-106.814,-99.709,R,106.814,109.935
VelControlTask  ,38.816,L,-106.814,-102.265,R,106.814,112.492
VelControlTask  ,38.823,L,-106.814,-111.214,R,106.814,108.657
VelControlTask  ,38.830,L,-106.814,-108.657,R,106.814,102.265
VelControlTask  ,38.837,L,-106.814,-100.987,R,106.814,107.379
VelControlTask  ,38.844,L,-106.814,-111.214,R,106.814,113.770
VelControlTask  ,38.851,L,-106.814,-108.657,R,106.814,107.379
VelControlTask  ,38.858,L,-106.814,-100.987,R,106.814,100.987
VelControlTask  ,38.865,L,-106.814,-103.544,R,106.814,111.214
VelControlTask  ,38.872,L,-106.814,-108.657,R,106.814,108.657
VelControlTask  ,38.879,L,-106.814,-113.770,R,106.814,100.987
VelControlTask  ,38.886,L,-106.814,-107.379,R,106.814,108.657
VelControlTask  ,38.893,L,-106.814,-108.657,R,106.814,111.214
VelControlTask  ,38.900,L,-106.814,-104.822,R,106.814,103.544
VelControlTask  ,38.907,L,-106.814,-100.987,R,106.814,106.100
VelControlTask  ,38.914,L,-106.814,-107.379,R,106.814,109.935
VelControlTask  ,38.921,L,-106.814,-113.770,R,106.814,112.492
VelControlTask  ,38.928,L,-106.814,-106.100,R,106.814,103.544
VelControlTask  ,38.935,L,-106.814,-100.987,R,106.814,99.709
VelControlTask  ,38.942,L,-106.814,-102.265,R,106.814,108.657
VelControlTask  ,38.949,L,-106.814,-109.935,R,106.814,103.544
VelControlTask  ,38.956,L,-106.814,-103.544,R,106.814,100.987
VelControlTask  ,38.963,L,-106.814,-109.935,R,106.814,111.214
VelControlTask  ,38.970,L,-106.814,-109.935,R,106.814,113.770
VelControlTask  ,38.977,L,-106.814,-107.379,R,106.814,103.544
VelControlTask  ,38.984,L,-106.814,-106.100,R,106.814,107.379
VelControlTask  ,38.991,L,-106.814,-112.492,R,106.814,106.100
VelControlTask  ,38.998,L,-106.814,-106.100,R,106.814,102.265
VelControlTask  ,39.005,L,-106.814,-102.265,R,106.814,103.544
VelControlTask  ,39.012,L,-106.814,-95.874,R,106.814,109.935
VelControlTask  ,39.019,L,-106.814,-111.214,R,106.814,112.492
VelControlTask  ,39.026,L,-106.814,-109.935,R,106.814,102.265
VelControlTask  ,39.033,L,-106.814,-103.544,R,106.814,107.379
VelControlTask  ,39.040,L,-106.814,-108.657,R,106.814,112.492
VelControlTask  ,39.047,L,-106.814,-107.379,R,106.814,106.100
VelControlTask  ,39.054,L,-106.814,-102.265,R,106.814,98.430
VelControlTask  ,39.061,L,-106.814,-99.709,R,106.814,111.214
VelControlTask  ,39.068,L,-106.814,-112.492,R,106.814,108.657
VelControlTask  ,39.075,L,-106.814,-113.770,R,106.814,102.265
VelControlTask  ,39.082,L,-106.814,-100.987,R,106.814,107.379
VelControlTask  ,39.089,L,-106.814,-106.100,R,106.814,107.379
VelControlTask  ,39.096,L,-106.814,-106.100,R,106.814,103.544
VelControlTask  ,39.103,L,-106.814,-102.265,R,106.814,104.822
VelControlTask  ,39.110,L,-106.814,-102.265,R,106.814,109.935
VelControlTask  ,39.117,L,-106.814,-112.492,R,106.814,113.770
VelControlTask  ,39.124,L,-106.814,-111.214,R,106.814,100.987
VelControlTask  ,39.131,L,-106.814,-99.709,R,106.814,99.709
VelControlTask  ,39.138,L,-106.814,-108.657,R,106.814,106.100
VelControlTask  ,39.145,L,-106.814,-109.935,R,106.814,107.379
VelControlTask  ,39.152,L,-106.814,-100.987,R,106.814,99.709
VelControlTask  ,39.159,L,-106.814,-103.544,R,106.814,111.214
VelControlTask  ,39.166,L,-106.814,-111.214,R,106.814,112.492
VelControlTask  ,39.173,L,-106.814,-111.214,R,106.814,103.544
VelControlTask  ,39.180,L,-106.814,-103.544,R,106.814,108.657
VelControlTask  ,39.187,L,106.814,-85.647,R,-106.814,85.647
VelControlTask  ,39.194,L,106.814,14.061,R,-106.814,-14.061
VelControlTask  ,39.201,L,106.814,182.799,R,-106.814,-185.356
VelControlTask  ,39.208,L,106.814,251.829,R,-106.814,-241.602
VelControlTask  ,39.215,L,106.814,203.252,R,-106.814,-190.469
VelControlTask  ,39.222,L,106.814,154.676,R,-106.814,-159.790
VelControlTask  ,39.229,L,106.814,66.473,R,-106.814,-79.256
VelControlTask  ,39.236,L,106.814,30.680,R,-106.814,-48.576
VelControlTask  ,39.243,L,106.814,17.896,R,-106.814,-29.401
VelControlTask  ,39.250,L,106.814,40.906,R,-106.814,-31.958
VelControlTask  ,39.257,L,106.814,84.369,R,-106.814,-98.430
VelControlTask  ,39.264,L,106.814,166.181,R,-106.814,-148.285
VelControlTask  ,39.271,L,106.814,166.181,R,-106.814,-155.955
VelControlTask  ,39.278,L,106.814,139.337,R,-106.814,-132.945
VelControlTask  ,39.285,L,106.814,115.049,R,-106.814,-115.049
VelControlTask  ,39.292,L,106.814,92.039,R,-106.814,-88.204
VelControlTask  ,39.299,L,106.814,74.142,R,-106.814,-70.307
VelControlTask  ,39.306,L,106.814,57.524,R,-106.814,-63.916
VelControlTask  ,39.313,L,106.814,83.091,R,-106.814,-103.544
VelControlTask  ,39.320,L,106.814,115.049,R,-106.814,-135.502
VelControlTask  ,39.327,L,106.814,122.718,R,-106.814,-136.780
VelControlTask  ,39.334,L,106.814,134.223,R,-106.814,-109.935
VelControlTask  ,39.341,L,106.814,121.440,R,-106.814,-84.369
VelControlTask  ,39.348,L,106.814,94.595,R,-106.814,-92.039
VelControlTask  ,39.355,L,106.814,88.204,R,-106.814,-102.265
VelControlTask  ,39.362,L,106.814,86.926,R,-106.814,-115.049
VelControlTask  ,39.369,L,106.814,90.761,R,-106.814,-113.770
VelControlTask  ,39.376,L,106.814,95.874,R,-106.814,-104.822
VelControlTask  ,39.383,L,106.814,113.770,R,-106.814,-104.822
VelControlTask  ,39.390,L,106.814,118.883,R,-106.814,-107.379
VelControlTask  ,39.397,L,106.814,115.049,R,-106.814,-100.987
VelControlTask  ,39.404,L,106.814,112.492,R,-106.814,-109.935
VelControlTask  ,39.411,L,106.814,102.265,R,-106.814,-111.214
VelControlTask  ,39.418,L,106.814,104.822,R,-106.814,-104.822
VelControlTask  ,39.425,L,106.814,95.874,R,-106.814,-107.379
VelControlTask  ,39.432,L,106.814,102.265,R,-106.814,-107.379
VelControlTask  ,39.439,L,106.814,102.265,R,-106.814,-99.709
VelControlTask  ,39.446,L,106.814,108.657,R,-106.814,-102.265
VelControlTask  ,39.453,L,106.814,118.883,R,-106.814,-108.657
VelControlTask  ,39.460,L,106.814,107.379,R,-106.814,-112.492
VelControlTask  ,39.467,L,106.814,102.265,R,-106.814,-108.657
VelControlTask  ,39.474,L,106.814,103.544,R,-106.814,-108.657
VelControlTask  ,39.481,L,106.814,102.265,R,-106.814,-104.822
VelControlTask  ,39.488,L,106.814,103.544,R,-106.814,-107.379
VelControlTask  ,39.495,L,106.814,109.935,R,-106.814,-99.709
VelControlTask  ,39.502,L,106.814,112.492,R,-106.814,-108.657
VelControlTask  ,39.509,L,106.814,108.657,R,-106.814,-111.214
VelControlTask  ,39.516,L,106.814,106.100,R,-106.814,-100.987
VelControlTask  ,39.523,L,106.814,106.100,R,-106.814,-108.657
VelControlTask  ,39.530,L,106.814,106.100,R,-106.814,-106.100
VelControlTask  ,39.537,L,106.814,99.709,R,-106.814,-107.379
VelControlTask  ,39.544,L,106.814,111.214,R,-106.814,-107.379
VelControlTask  ,39.551,L,106.814,112.492,R,-106.814,-108.657
VelControlTask  ,39.558,L,106.814,103.544,R,-106.814,-112.492
VelControlTask  ,39.565,L,106.814,106.100,R,-106.814,-106.100
VelControlTask  ,39.572,L,106.814,104.822,R,-106.814,-102.265
VelControlTask  ,39.579,L,106.814,108.657,R,-106.814,-104.822
VelControlTask  ,39.586,L,106.814,107.379,R,-106.814,-109.935
VelControlTask  ,39.593,L,106.814,106.100,R,-106.814,-102.265
VelControlTask  ,39.600,L,106.814,116.327,R,-106.814,-106.100
VelControlTask  ,39.607,L,106.814,107.379,R,-106.814,-112.492
VelControlTask  ,39.614,L,106.814,102.265,R,-106.814,-108.657
VelControlTask  ,39.621,L,106.814,100.987,R,-106.814,-103.544
VelControlTask  ,39.628,L,106.814,106.100,R,-106.814,-108.657
VelControlTask  ,39.635,L,106.814,103.544,R,-106.814,-103.544
VelControlTask  ,39.642,L,106.814,109.935,R,-106.814,-104.822
VelControlTask  ,39.649,L,106.814,118.883,R,-106.814,-107.379
VelControlTask  ,39.656,L,106.814,103.544,R,-106.814,-107.379
VelControlTask  ,39.663,L,106.814,98.430,R,-106.814,-109.935
VelControlTask  ,39.670,L,106.814,102.265,R,-106.814,-106.100
VelControlTask  ,39.677,L,106.814,109.935,R,-106.814,-113.770
VelControlTask  ,39.684,L,106.814,106.100,R,-106.814,-108.657
VelControlTask  ,39.691,L,106.814,104.822,R,-106.814,-97.152
VelControlTask  ,39.698,L,106.814,109.935,R,-106.814,-100.987
VelControlTask  ,39.705,L,106.814,111.214,R,-106.814,-111.214
VelControlTask  ,39.712,L,106.814,107.379,R,-106.814,-106.100
VelControlTask  ,39.719,L,106.814,107.379,R,-106.814,-109.935
VelControlTask  ,39.726,L,106.814,104.822,R,-106.814,-112.492
VelControlTask  ,39.733,L,106.814,100.987,R,-106.814,-106.100
VelControlTask  ,39.740,L,106.814,108.657,R,-106.814,-103.544
VelControlTask  ,39.747,L,106.814,116.327,R,-106.814,-108.657
VelControlTask  ,39.754,L,106.814,106.100,R,-106.814,-109.935
VelControlTask  ,39.761,L,106.814,103.544,R,-106.814,-107.379
VelControlTask  ,39.768,L,106.814,104.822,R,-106.814,-100.987
VelControlTask  ,39.775,L,106.814,107.379,R,-106.814,-109.935
VelControlTask  ,39.782,L,106.814,102.265,R,-106.814,-111.214
VelControlTask  ,39.789,L,106.814,104.822,R,-106.814,-97.152
VelControlTask  ,39.796,L,106.814,120.162,R,-106.814,-103.544
VelControlTask  ,39.803,L,106.814,108.657,R,-106.814,-116.327
VelControlTask  ,39.810,L,106.814,102.265,R,-106.814,-103.544
VelControlTask  ,39.817,L,106.814,98.430,R,-106.814,-102.265
VelControlTask  ,39.824,L,106.814,107.379,R,-106.814,-109.935
VelControlTask  ,39.831,L,106.814,104.822,R,-106.814,-106.100
VelControlTask  ,39.838,L,106.814,109.935,R,-106.814,-104.822
VelControlTask  ,39.845,L,106.814,118.883,R,-106.814,-106.100
VelControlTask  ,39.852,L,106.814,103.544,R,-106.814,-107.379
VelControlTask  ,39.859,L,106.814,97.152,R,-106.814,-112.492
VelControlTask  ,39.866,L,106.814,100.987,R,-106.814,-106.100
VelControlTask  ,39.873,L,106.814,111.214,R,-106.814,-113.770
VelControlTask  ,39.880,L,106.814,104.822,R,-106.814,-109.935
VelControlTask  ,39.887,L,106.814,109.935,R,-106.814,-95.874
VelControlTask  ,39.894,L,106.814,107.379,R,-106.814,-99.709
VelControlTask  ,39.901,L,106.814,107.379,R,-106.814,-113.770
VelControlTask  ,39.908,L,106.814,100.987,R,-106.814,-104.822
VelControlTask  ,39.915,L,106.814,111.214,R,-106.814,-109.935
VelControlTask  ,39.922,L,106.814,111.214,R,-106.814,-109.935
VelControlTask  ,39.929,L,106.814,98.430,R,-106.814,-104.822
VelControlTask  ,39.936,L,106.814,104.822,R,-106.814,-102.265
VelControlTask  ,39.943,L,106.814,113.770,R,-106.814,-109.935
VelControlTask  ,39.950,L,106.814,104.822,R,-106.814,-115.049
VelControlTask  ,39.957,L,106.814,99.709,R,-106.814,-103.544
VelControlTask  ,39.964,L,106.814,104.822,R,-106.814,-98.430
VelControlTask  ,39.971,L,106.814,112.492,R,-106.814,-106.100
VelControlTask  ,39.978,L,106.814,108.657,R,-106.814,-111.214
VelControlTask  ,39.985,L,106.814,109.935,R,-106.814,-100.987
VelControlTask  ,39.992,L,106.814,109.935,R,-106.814,-104.822
VelControlTask  ,39.999,L,106.814,106.100,R,-106.814,-115.049
VelControlTask  ,40.006,L,106.814,97.152,R,-106.814,-104.822
VelControlTask  ,40.013,L,106.814,104.822,R,-106.814,-103.544
VelControlTask  ,40.020,L,106.814,112.492,R,-106.814,-109.935
VelControlTask  ,40.027,L,106.814,103.544,R,-106.814,-103.544
VelControlTask  ,40.034,L,106.814,107.379,R,-106.814,-104.822
VelControlTask  ,40.041,L,106.814,111.214,R,-106.814,-107.379
VelControlTask  ,40.048,L,106.814,107.379,R,-106.814,-111.214
VelControlTask  ,40.055,L,106.814,103.544,R,-106.814,-109.935
VelControlTask  ,40.062,L,106.814,107.379,R,-106.814,-106.100
VelControlTask  ,40.069,L,106.814,107.379,R,-106.814,-107.379
VelControlTask  ,40.076,L,106.814,98.430,R,-106.814,-107.379
VelControlTask  ,40.083,L,106.814,103.544,R,-106.814,-98.430
VelControlTask  ,40.090,L,106.814,115.049,R,-106.814,-108.657
VelControlTask  ,40.097,L,106.814,112.492,R,-106.814,-115.049
VelControlTask  ,40.104,L,106.814,99.709,R,-106.814,-100.987
VelControlTask  ,40.111,L,106.814,102.265,R,-106.814,-100.987
VelControlTask  ,40.118,L,106.814,108.657,R,-106.814,-104.822
VelControlTask  ,40.125,L,106.814,106.100,R,-106.814,-113.770
VelControlTask  ,40.132,L,106.814,104.822,R,-106.814,-108.657
VelControlTask  ,40.139,L,106.814,113.770,R,-106.814,-109.935
VelControlTask  ,40.146,L,106.814,104.822,R,-106.814,-107.379
VelControlTask  ,40.153,L,106.814,102.265,R,-106.814,-108.657
VelControlTask  ,40.160,L,106.814,107.379,R,-106.814,-102.265
VelControlTask  ,40.167,L,106.814,109.935,R,-106.814,-108.657
VelControlTask  ,40.174,L,106.814,99.709,R,-106.814,-109.935
VelControlTask  ,40.181,L,106.814,102.265,R,-106.814,-98.430
VelControlTask  ,40.188,L,106.814,117.605,R,-106.814,-99.709
VelControlTask  ,40.195,L,106.814,109.935,R,-106.814,-112.492
VelControlTask  ,40.202,L,106.814,95.874,R,-106.814,-111.214
VelControlTask  ,40.209,L,106.814,97.152,R,-106.814,-103.544
VelControlTask  ,40.216,L,106.814,108.657,R,-106.814,-106.100
VelControlTask  ,40.223,L,106.814,108.657,R,-106.814,-104.822
VelControlTask  ,40.230,L,106.814,107.379,R,-106.814,-103.544
VelControlTask  ,40.237,L,106.814,112.492,R,-106.814,-109.935
VelControlTask  ,40.244,L,106.814,109.935,R,-106.814,-111.214
VelControlTask  ,40.251,L,106.814,102.265,R,-106.814,-108.657
VelControlTask  ,40.258,L,106.814,97.152,R,-106.814,-100.987
VelControlTask  ,40.265,L,106.814,108.657,R,-106.814,-108.657
VelControlTask  ,40.272,L,106.814,104.822,R,-106.814,-113.770
VelControlTask  ,40.279,L,106.814,109.935,R,-106.814,-97.152
VelControlTask  ,40.286,L,106.814,116.327,R,-106.814,-100.987
VelControlTask  ,40.293,L,106.814,108.657,R,-106.814,-113.770
VelControlTask  ,40.300,L,106.814,99.709,R,-106.814,-107.379
VelControlTask  ,40.307,L,106.814,102.265,R,-106.814,-104.822
VelControlTask  ,40.314,L,106.814,107.379,R,-106.814,-107.379
VelControlTask  ,40.321,L,106.814,104.822,R,-106.814,-108.657
VelControlTask  ,40.328,L,106.814,106.100,R,-106.814,-103.544
VelControlTask  ,40.335,L,106.814,116.327,R,-106.814,-104.822
VelControlTask  ,40.342,L,106.814,104.822,R,-106.814,-112.492
VelControlTask  ,40.349,L,106.814,100.987,R,-106.814,-112.492
VelControlTask  ,40.356,L,106.814,99.709,R,-106.814,-97.152
VelControlTask  ,40.363,L,106.814,112.492,R,-106.814,-104.822
VelControlTask  ,40.370,L,106.814,109.935,R,-106.814,-112.492
VelControlTask  ,40.377,L,106.814,102.265,R,-106.814,-99.709
VelControlTask  ,40.384,L,106.814,113.770,R,-106.814,-102.265
VelControlTask  ,40.391,L,106.814,111.214,R,-106.814,-113.770
VelControlTask  ,40.398,L,106.814,99.709,R,-106.814,-109.935
VelControlTask  ,40.405,L,106.814,100.987,R,-106.814,-102.265
VelControlTask  ,40.412,L,106.814,104.822,R,-106.814,-104.822
VelControlTask  ,40.419,L,106.814,99.709,R,-106.814,-106.100
VelControlTask  ,40.426,L,106.814,106.100,R,-106.814,-100.987
VelControlTask  ,40.433,L,106.814,121.440,R,-106.814,-107.379
VelControlTask  ,40.440,L,106.814,106.100,R,-106.814,-115.049
VelControlTask  ,40.447,L,106.814,97.152,R,-106.814,-107.379
VelControlTask  ,40.454,L,106.814,94.595,R,-106.814,-100.987
VelControlTask  ,40.461,L,106.814,109.935,R,-106.814,-106.100
VelControlTask  ,40.468,L,106.814,104.822,R,-106.814,-113.770
VelControlTask  ,40.475,L,106.814,108.657,R,-106.814,-100.987
VelControlTask  ,40.482,L,106.814,117.605,R,-106.814,-99.709
VelControlTask  ,40.489,L,106.814,104.822,R,-106.814,-113.770
VelControlTask  ,40.496,L,106.814,95.874,R,-106.814,-104.822
VelControlTask  ,40.503,L,106.814,99.709,R,-106.814,-106.100
VelControlTask  ,40.510,L,106.814,111.214,R,-106.814,-109.935
VelControlTask  ,40.517,L,106.814,102.265,R,-106.814,-111.214
VelControlTask  ,40.524,L,106.814,107.379,R,-106.814,-102.265
VelControlTask  ,40.531,L,106.814,116.327,R,-106.814,-102.265
VelControlTask  ,40.538,L,106.814,104.822,R,-106.814,-111.214
VelControlTask  ,40.545,L,106.814,102.265,R,-106.814,-117.605
VelControlTask  ,40.552,L,106.814,100.987,R,-106.814,-99.709
VelControlTask  ,40.559,L,106.814,112.492,R,-106.814,-104.822
VelControlTask  ,40.566,L,106.814,106.100,R,-106.814,-112.492
VelControlTask  ,40.573,L,106.814,104.822,R,-106.814,-97.152
VelControlTask  ,40.580,L,106.814,113.770,R,-106.814,-100.987
VelControlTask  ,40.587,L,106.814,109.935,R,-106.814,-113.770
VelControlTask  ,40.594,L,106.814,98.430,R,-106.814,-109.935
VelControlTask  ,40.601,L,106.814,97.152,R,-106.814,-102.265
VelControlTask  ,40.608,L,106.814,109.935,R,-106.814,-106.100
VelControlTask  ,40.615,L,106.814,106.100,R,-106.814,-106.100
VelControlTask  ,40.622,L,106.814,107.379,R,-106.814,-100.987
VelControlTask  ,40.629,L,106.814,115.049,R,-106.814,-103.544
VelControlTask  ,40.636,L,106.814,107.379,R,-106.814,-111.214
VelControlTask  ,40.643,L,106.814,97.152,R,-106.814,-113.770
VelControlTask  ,40.650,L,106.814,100.987,R,-106.814,-104.822
VelControlTask  ,40.657,L,106.814,112.492,R,-106.814,-108.657
VelControlTask  ,40.664,L,106.814,104.822,R,-106.814,-112.492
VelControlTask  ,40.671,L,106.814,100.987,R,-106.814,-97.152
VelControlTask  ,40.678,L,106.814,109.935,R,-106.814,-102.265
VelControlTask  ,40.685,L,106.814,115.049,R,-106.814,-115.049
VelControlTask  ,40.692,L,106.814,102.265,R,-106.814,-104.822
VelControlTask  ,40.699,L,106.814,103.544,R,-106.814,-106.100
VelControlTask  ,40.706,L,106.814,107.379,R,-106.814,-102.265
VelControlTask  ,40.713,L,106.814,103.544,R,-106.814,-107.379
VelControlTask  ,40.720,L,106.814,108.657,R,-106.814,-109.935
VelControlTask  ,40.727,L,106.814,113.770,R,-106.814,-106.100
VelControlTask  ,40.734,L,106.814,106.100,R,-106.814,-109.935
VelControlTask  ,40.741,L,106.814,102.265,R,-106.814,-112.492
VelControlTask  ,40.748,L,106.814,103.544,R,-106.814,-99.709
VelControlTask  ,40.755,L,106.814,112.492,R,-106.814,-106.100
VelControlTask  ,40.762,L,106.814,104.822,R,-106.814,-112.492
VelControlTask  ,40.769,L,106.814,100.987,R,-106.814,-100.987
VelControlTask  ,40.776,L,106.814,109.935,R,-106.814,-99.709
VelControlTask  ,40.783,L,106.814,115.049,R,-106.814,-112.492
VelControlTask  ,40.790,L,106.814,97.152,R,-106.814,-112.492
VelControlTask  ,40.797,L,106.814,99.709,R,-106.814,-103.544
VelControlTask  ,40.804,L,106.814,107.379,R,-106.814,-107.379
VelControlTask  ,40.811,L,106.814,104.822,R,-106.814,-104.822
VelControlTask  ,40.818,L,106.814,104.822,R,-106.814,-102.265
VelControlTask  ,40.825,L,106.814,115.049,R,-106.814,-104.822
VelControlTask  ,40.832,L,106.814,108.657,R,-106.814,-109.935
VelControlTask  ,40.839,L,106.814,99.709,R,-106.814,-113.770
VelControlTask  ,40.846,L,106.814,99.709,R,-106.814,-106.100
VelControlTask  ,40.853,L,106.814,111.214,R,-106.814,-107.379
VelControlTask  ,40.860,L,106.814,103.544,R,-106.814,-108.657
VelControlTask  ,40.867,L,106.814,100.987,R,-106.814,-97.152
VelControlTask  ,40.874,L,106.814,112.492,R,-106.814,-103.544
VelControlTask  ,40.881,L,106.814,116.327,R,-106.814,-112.492
VelControlTask  ,40.888,L,106.814,100.987,R,-106.814,-107.379
VelControlTask  ,40.895,L,106.814,102.265,R,-106.814,-104.822
VelControlTask  ,40.902,L,106.814,104.822,R,-106.814,-104.822
VelControlTask  ,40.909,L,106.814,106.100,R,-106.814,-107.379
VelControlTask  ,40.916,L,106.814,107.379,R,-106.814,-106.100
VelControlTask  ,40.923,L,106.814,118.883,R,-106.814,-108.657
VelControlTask  ,40.930,L,106.814,108.657,R,-106.814,-112.492
VelControlTask  ,40.937,L,106.814,100.987,R,-106.814,-108.657
VelControlTask  ,40.944,L,106.814,98.430,R,-106.814,-97.152
VelControlTask  ,40.951,L,106.814,107.379,R,-106.814,-103.544
VelControlTask  ,40.958,L,106.814,109.935,R,-106.814,-120.162
VelControlTask  ,40.965,L,106.814,103.544,R,-106.814,-102.265
VelControlTask  ,40.972,L,106.814,108.657,R,-106.814,-100.987
VelControlTask  ,40.979,L,106.814,115.049,R,-106.814,-112.492
VelControlTask  ,40.986,L,106.814,99.709,R,-106.814,-111.214
VelControlTask  ,40.993,L,106.814,98.430,R,-106.814,-104.822
VelControlTask  ,41.000,L,106.814,108.657,R,-106.814,-107.379
VelControlTask  ,41.007,L,106.814,107.379,R,-106.814,-103.544
VelControlTask  ,41.014,L,106.814,103.544,R,-106.814,-99.709
VelControlTask  ,41.021,L,106.814,112.492,R,-106.814,-102.265
VelControlTask  ,41.028,L,106.814,111.214,R,-106.814,-111.214
VelControlTask  ,41.035,L,106.814,100.987,R,-106.814,-116.327
VelControlTask  ,41.042,L,106.814,99.709,R,-106.814,-103.544
VelControlTask  ,41.049,L,106.814,108.657,R,-106.814,-107.379
VelControlTask  ,41.056,L,106.814,104.822,R,-106.814,-113.770
VelControlTask  ,41.063,L,106.814,99.709,R,-106.814,-99.709
VelControlTask  ,41.070,L,106.814,111.214,R,-106.814,-102.265
VelControlTask  ,41.077,L,106.814,117.605,R,-106.814,-111.214
VelControlTask  ,41.084,L,106.814,99.709,R,-106.814,-102.265
VelControlTask  ,41.091,L,106.814,99.709,R,-106.814,-104.822
VelControlTask  ,41.098,L,106.814,107.379,R,-106.814,-108.657
VelControlTask  ,41.105,L,106.814,107.379,R,-106.814,-113.770
VelControlTask  ,41.112,L,106.814,103.544,R,-106.814,-104.822
VelControlTask  ,41.119,L,106.814,113.770,R,-106.814,-99.709
VelControlTask  ,41.126,L,106.814,109.935,R,-106.814,-106.100
VelControlTask  ,41.133,L,106.814,102.265,R,-106.814,-117.605
VelControlTask  ,41.140,L,106.814,100.987,R,-106.814,-99.709
VelControlTask  ,41.147,L,106.814,107.379,R,-106.814,-102.265
VelControlTask  ,41.154,L,106.814,108.657,R,-106.814,-115.049
VelControlTask  ,41.161,L,106.814,102.265,R,-106.814,-98.430
VelControlTask  ,41.168,L,106.814,113.770,R,-106.814,-98.430
VelControlTask  ,41.175,L,106.814,115.049,R,-106.814,-112.492
VelControlTask  ,41.182,L,-106.814,97.152,R,106.814,-111.214
VelControlTask  ,41.189,L,-106.814,57.524,R,106.814,-66.473
VelControlTask  ,41.196,L,-106.814,-81.812,R,106.814,72.864
VelControlTask  ,41.203,L,-106.814,-217.314,R,106.814,221.149
VelControlTask  ,41.210,L,-106.814,-245.437,R,106.814,240.324
VelControlTask  ,41.217,L,-106.814,-199.417,R,106.814,195.583
VelControlTask  ,41.224,L,-106.814,-127.832,R,106.814,129.110
VelControlTask  ,41.231,L,-106.814,-46.019,R,106.814,52.411
VelControlTask  ,41.238,L,-106.814,-21.731,R,106.814,24.288
VelControlTask  ,41.245,L,-106.814,-12.783,R,106.814,11.505
VelControlTask  ,41.252,L,-106.814,-67.751,R,106.814,57.524
VelControlTask  ,41.259,L,-106.814,-135.502,R,106.814,120.162
VelControlTask  ,41.266,L,-106.814,-162.346,R,106.814,163.625
VelControlTask  ,41.273,L,-106.814,-159.790,R,106.814,164.903
VelControlTask  ,41.280,L,-106.814,-127.832,R,106.814,138.058
VelControlTask  ,41.287,L,-106.814,-106.100,R,106.814,109.935
VelControlTask  ,41.294,L,-106.814,-84.369,R,106.814,88.204
VelControlTask  ,41.301,L,-106.814,-70.307,R,106.814,58.803
VelControlTask  ,41.308,L,-106.814,-65.194,R,106.814,58.803
VelControlTask  ,41.315,L,-106.814,-98.430,R,106.814,89.482
VelControlTask  ,41.322,L,-106.814,-116.327,R,106.814,121.440
VelControlTask  ,41.329,L,-106.814,-132.945,R,106.814,129.110
VelControlTask  ,41.336,L,-106.814,-126.553,R,106.814,131.667
VelControlTask  ,41.343,L,-106.814,-103.544,R,106.814,109.935
VelControlTask  ,41.350,L,-106.814,-103.544,R,106.814,103.544
VelControlTask  ,41.357,L,-106.814,-92.039,R,106.814,94.595
VelControlTask  ,41.364,L,-106.814,-84.369,R,106.814,93.317
VelControlTask  ,41.371,L,-106.814,-92.039,R,106.814,106.100
VelControlTask  ,41.378,L,-106.814,-127.832,R,106.814,117.605
VelControlTask  ,41.385,L,-106.814,-122.718,R,106.814,108.657
VelControlTask  ,41.392,L,-106.814,-113.770,R,106.814,111.214
VelControlTask  ,41.399,L,-106.814,-102.265,R,106.814,97.152
VelControlTask  ,41.406,L,-106.814,-102.265,R,106.814,100.987
VelControlTask  ,41.413,L,-106.814,-97.152,R,106.814,109.935
VelControlTask  ,41.420,L,-106.814,-103.544,R,106.814,115.049
VelControlTask  ,41.427,L,-106.814,-107.379,R,106.814,104.822
VelControlTask  ,41.434,L,-106.814,-113.770,R,106.814,108.657
VelControlTask  ,41.441,L,-106.814,-113.770,R,106.814,99.709
VelControlTask  ,41.448,L,-106.814,-106.100,R,106.814,100.987
VelControlTask  ,41.455,L,-106.814,-97.152,R,106.814,106.100
VelControlTask  ,41.462,L,-106.814,-99.709,R,106.814,115.049
VelControlTask  ,41.469,L,-106.814,-109.935,R,106.814,109.935
VelControlTask  ,41.476,L,-106.814,-115.049,R,106.814,104.822
VelControlTask  ,41.483,L,-106.814,-109.935,R,106.814,98.430
VelControlTask  ,41.490,L,-106.814,-103.544,R,106.814,108.657
VelControlTask  ,41.497,L,-106.814,-100.987,R,106.814,108.657
VelControlTask  ,41.504,L,-106.814,-102.265,R,106.814,108.657
VelControlTask  ,41.511,L,-106.814,-109.935,R,106.814,109.935
VelControlTask  ,41.518,L,-106.814,-113.770,R,106.814,106.100
VelControlTask  ,41.525,L,-106.814,-102.265,R,106.814,97.152
VelControlTask  ,41.532,L,-106.814,-106.100,R,106.814,103.544
VelControlTask  ,41.539,L,-106.814,-108.657,R,106.814,107.379
VelControlTask  ,41.546,L,-106.814,-109.935,R,106.814,107.379
VelControlTask  ,41.553,L,-106.814,-102.265,R,106.814,108.657
VelControlTask  ,41.560,L,-106.814,-98.430,R,106.814,111.214
VelControlTask  ,41.567,L,-106.814,-109.935,R,106.814,107.379
VelControlTask  ,41.574,L,-106.814,-118.883,R,106.814,107.379
VelControlTask  ,41.581,L,-106.814,-108.657,R,106.814,102.265
VelControlTask  ,41.588,L,-106.814,-107.379,R,106.814,107.379
VelControlTask  ,41.595,L,-106.814,-99.709,R,106.814,103.544
VelControlTask  ,41.602,L,-106.814,-99.709,R,106.814,102.265
VelControlTask  ,41.609,L,-106.814,-109.935,R,106.814,113.770
VelControlTask  ,41.616,L,-106.814,-109.935,R,106.814,109.935
VelControlTask  ,41.623,L,-106.814,-102.265,R,106.814,102.265
VelControlTask  ,41.630,L,-106.814,-104.822,R,106.814,102.265
VelControlTask  ,41.637,L,-106.814,-108.657,R,106.814,104.822
VelControlTask  ,41.644,L,-106.814,-108.657,R,106.814,104.822
VelControlTask  ,41.651,L,-106.814,-97.152,R,106.814,107.379
VelControlTask  ,41.658,L,-106.814,-103.544,R,106.814,113.770
VelControlTask  ,41.665,L,-106.814,-109.935,R,106.814,109.935
VelControlTask  ,41.672,L,-106.814,-112.492,R,106.814,104.822
VelControlTask  ,41.679,L,-106.814,-106.100,R,106.814,102.265
VelControlTask  ,41.686,L,-106.814,-106.100,R,106.814,104.822
VelControlTask  ,41.693,L,-106.814,-103.544,R,106.814,107.379
VelControlTask  ,41.700,L,-106.814,-103.544,R,106.814,108.657
VelControlTask  ,41.707,L,-106.814,-111.214,R,106.814,109.935
VelControlTask  ,41.714,L,-106.814,-113.770,R,106.814,108.657
VelControlTask  ,41.721,L,-106.814,-102.265,R,106.814,98.430
VelControlTask  ,41.728,L,-106.814,-104.822,R,106.814,103.544
VelControlTask  ,41.735,L,-106.814,-107.379,R,106.814,106.100
VelControlTask  ,41.742,L,-106.814,-106.100,R,106.814,106.100
VelControlTask  ,41.749,L,-106.814,-102.265,R,106.814,108.657
VelControlTask  ,41.756,L,-106.814,-104.822,R,106.814,109.935
VelControlTask  ,41.763,L,-106.814,-113.770,R,106.814,108.657
VelControlTask  ,41.770,L,-106.814,-111.214,R,106.814,108.657
VelControlTask  ,41.777,L,-106.814,-106.100,R,106.814,104.822
VelControlTask  ,41.784,L,-106.814,-104.822,R,106.814,108.657
VelControlTask  ,41.791,L,-106.814,-104.822,R,106.814,103.544